CALLER,CALLED,CALL_TIME,CONNECTION_TIME,CONNECTION_FINISH_TIME,CALL_DURATION_SEC,FINISH_REASON,COST
3425196771,4791122714,03/06/2014 12:44:40,03/06/2014 12:44:48,03/06/2014 12:44:48,0,NOT_REACHED,
5068101552,3595367897,02/06/2014 17:14:08,02/06/2014 17:14:17,02/06/2014 17:14:17,0,BUSY,
2906909679,4356505834,03/06/2014 16:56:01,03/06/2014 16:56:03,03/06/2014 16:58:45,162,HANG_UP,69.66
2403380454,5160704673,08/06/2014 21:56:17,08/06/2014 21:56:26,08/06/2014 21:58:19,113,HANG_UP,48.59
4283325571,5362252260,05/06/2014 18:53:16,05/06/2014 18:53:26,05/06/2014 19:08:31,905,HANG_UP,389.15
2721511993,2504265310,07/06/2014 05:02:34,07/06/2014 05:02:40,07/06/2014 05:07:41,301,HANG_UP,129.43
4180480751,2343642246,02/06/2014 08:08:10,02/06/2014 08:08:17,02/06/2014 08:08:48,31,HANG_UP,13.33
3922275179,4799237738,01/06/2014 09:43:07,01/06/2014 09:43:11,01/06/2014 09:43:11,0,BUSY,
2114232186,2131916159,08/06/2014 05:12:45,08/06/2014 05:12:48,08/06/2014 05:13:51,63,HANG_UP,27.09
5035044471,3550474953,06/06/2014 03:08:19,06/06/2014 03:08:24,06/06/2014 03:20:02,698,HANG_UP,300.14
4667152958,3915341183,03/06/2014 13:47:29,03/06/2014 13:47:40,03/06/2014 14:08:49,1269,HANG_UP,545.67
2518696433,5288145639,03/06/2014 05:19:02,03/06/2014 05:19:09,03/06/2014 05:20:03,54,HANG_UP,23.22
2353041998,5204253784,06/06/2014 07:04:01,06/06/2014 07:04:11,06/06/2014 07:04:11,0,NOT_REACHED,
4865694082,2770167835,03/06/2014 23:52:25,03/06/2014 23:52:33,03/06/2014 23:52:33,0,BUSY,
3247584816,4872510555,06/06/2014 08:43:51,06/06/2014 08:44:03,06/06/2014 08:57:42,819,HANG_UP,352.17
5330070155,5511997451,07/06/2014 07:25:21,07/06/2014 07:25:31,07/06/2014 07:26:41,70,HANG_UP,30.1
5271890043,2593756133,02/06/2014 08:38:53,02/06/2014 08:38:55,02/06/2014 08:39:26,31,HANG_UP,13.33
3246904436,5522439748,06/06/2014 21:28:45,06/06/2014 21:28:50,06/06/2014 21:34:19,329,HANG_UP,141.47
2348323100,2691866054,06/06/2014 10:42:07,06/06/2014 10:42:10,06/06/2014 10:42:54,44,HANG_UP,18.92
2289305395,4521114312,04/06/2014 22:14:46,04/06/2014 22:14:53,04/06/2014 22:14:53,0,BUSY,
5039350041,5029109101,03/06/2014 16:46:05,03/06/2014 16:46:10,03/06/2014 16:47:04,54,NETWORK_ERROR,23.22
2232741804,5587631511,05/06/2014 04:02:32,05/06/2014 04:02:35,05/06/2014 04:02:35,0,NOT_REACHED,
3892767969,2632494963,04/06/2014 06:30:14,04/06/2014 06:30:16,04/06/2014 06:30:33,17,HANG_UP,7.31
5529370890,4896349698,02/06/2014 05:26:13,02/06/2014 05:26:20,02/06/2014 05:26:20,0,BUSY,
5400979102,3252743707,08/06/2014 22:37:02,08/06/2014 22:37:07,08/06/2014 22:37:07,0,BUSY,
2913619457,5075222320,03/06/2014 21:40:19,03/06/2014 21:40:27,03/06/2014 21:43:14,167,HANG_UP,71.81
2417595679,5228899582,06/06/2014 09:01:16,06/06/2014 09:01:26,06/06/2014 09:18:32,1026,HANG_UP,441.18
3166653718,2911465230,05/06/2014 05:00:04,05/06/2014 05:00:14,05/06/2014 05:02:11,117,NETWORK_ERROR,50.31
5396110979,3620516293,07/06/2014 21:25:16,07/06/2014 21:25:19,07/06/2014 21:25:19,0,NOT_REACHED,
2991507942,3816743104,04/06/2014 16:30:27,04/06/2014 16:30:35,04/06/2014 16:36:10,335,HANG_UP,144.05
5328801205,3474664106,03/06/2014 02:34:16,03/06/2014 02:34:26,03/06/2014 02:58:16,1430,HANG_UP,614.9
3806090288,4777470527,01/06/2014 04:08:24,01/06/2014 04:08:31,01/06/2014 04:09:08,37,HANG_UP,15.91
4034410422,2474008256,06/06/2014 00:25:41,06/06/2014 00:25:48,06/06/2014 00:26:07,19,HANG_UP,8.17
2669102199,5174891699,06/06/2014 03:27:30,06/06/2014 03:27:38,06/06/2014 03:27:38,0,NOT_REACHED,
2178436969,4441704939,02/06/2014 05:08:14,02/06/2014 05:08:22,02/06/2014 05:29:45,1283,HANG_UP,551.69
4726670439,2680922691,02/06/2014 11:20:31,02/06/2014 11:20:38,02/06/2014 11:22:20,102,HANG_UP,43.86
4731312939,3854059963,06/06/2014 12:37:32,06/06/2014 12:37:44,06/06/2014 12:37:44,0,NOT_REACHED,
5374779193,5036595468,07/06/2014 17:56:02,07/06/2014 17:56:08,07/06/2014 18:15:55,1187,HANG_UP,510.41
2871806769,4264948368,08/06/2014 19:52:49,08/06/2014 19:52:59,08/06/2014 19:53:52,53,NETWORK_ERROR,22.79
2341430634,3837792705,06/06/2014 16:05:27,06/06/2014 16:05:36,06/06/2014 16:05:36,0,NOT_REACHED,
2216401170,3021735408,08/06/2014 08:05:06,08/06/2014 08:05:16,08/06/2014 08:29:33,1457,HANG_UP,626.51
5248363235,4633117338,08/06/2014 19:29:34,08/06/2014 19:29:43,08/06/2014 19:51:35,1312,HANG_UP,564.16
4083942740,3253167042,02/06/2014 19:23:29,02/06/2014 19:23:39,02/06/2014 19:24:12,33,HANG_UP,14.19
4496831279,3278311670,07/06/2014 12:33:23,07/06/2014 12:33:27,07/06/2014 12:34:11,44,HANG_UP,18.92
5398641141,4350526930,04/06/2014 09:52:51,04/06/2014 09:52:55,04/06/2014 09:53:34,39,HANG_UP,16.77
3638545936,5215438944,07/06/2014 02:43:01,07/06/2014 02:43:05,07/06/2014 02:48:12,307,HANG_UP,132.01
4469352683,4737308121,01/06/2014 17:27:46,01/06/2014 17:27:50,01/06/2014 17:31:16,206,HANG_UP,88.58
4439101675,2265150040,02/06/2014 11:14:41,02/06/2014 11:14:46,02/06/2014 11:17:22,156,HANG_UP,67.08
5053542521,3905495860,02/06/2014 23:32:38,02/06/2014 23:32:50,02/06/2014 23:33:17,27,HANG_UP,11.61
4779083841,3750547069,06/06/2014 20:35:53,06/06/2014 20:36:00,06/06/2014 20:36:01,1,HANG_UP,0.43
5053064723,4185728545,03/06/2014 03:26:12,03/06/2014 03:26:18,03/06/2014 03:28:27,129,HANG_UP,55.47
4038444457,4201892765,04/06/2014 20:22:52,04/06/2014 20:22:57,04/06/2014 20:38:26,929,HANG_UP,399.47
5067259722,4135681032,04/06/2014 18:51:43,04/06/2014 18:51:49,04/06/2014 18:51:49,0,BUSY,
4168990166,3787127142,02/06/2014 18:24:38,02/06/2014 18:24:42,02/06/2014 18:33:24,522,HANG_UP,224.46
4244452333,3642816568,02/06/2014 10:38:26,02/06/2014 10:38:30,02/06/2014 10:41:46,196,HANG_UP,84.28
5285181394,2423571859,04/06/2014 23:39:38,04/06/2014 23:39:44,05/06/2014 00:03:26,1422,HANG_UP,611.46
2473008604,3691118466,01/06/2014 23:15:57,01/06/2014 23:16:01,01/06/2014 23:16:10,9,HANG_UP,3.87
2209959285,3699502473,03/06/2014 11:50:57,03/06/2014 11:51:08,03/06/2014 12:15:49,1481,HANG_UP,636.83
4745952825,3711791942,05/06/2014 00:56:44,05/06/2014 00:56:50,05/06/2014 00:59:03,133,HANG_UP,57.19
5130779628,3538061976,03/06/2014 14:13:11,03/06/2014 14:13:14,03/06/2014 14:14:13,59,HANG_UP,25.37
2582140908,3566105360,05/06/2014 18:14:47,05/06/2014 18:14:57,05/06/2014 18:16:36,99,HANG_UP,42.57
2255786010,5049559229,07/06/2014 20:25:30,07/06/2014 20:25:38,07/06/2014 20:41:00,922,HANG_UP,396.46
4743032551,2779390041,06/06/2014 03:22:12,06/06/2014 03:22:16,06/06/2014 03:22:18,2,HANG_UP,0.86
3916204932,3515927941,02/06/2014 19:07:37,02/06/2014 19:07:39,02/06/2014 19:11:28,229,HANG_UP,98.47
4147775661,3249891801,06/06/2014 04:33:01,06/06/2014 04:33:13,06/06/2014 04:33:13,0,NOT_REACHED,
2958476633,2839102232,04/06/2014 02:44:47,04/06/2014 02:44:55,04/06/2014 02:46:23,88,HANG_UP,37.84
5031351909,3834242848,03/06/2014 16:47:04,03/06/2014 16:47:08,03/06/2014 16:47:26,18,NETWORK_ERROR,7.74
4587011794,5456023770,08/06/2014 09:53:30,08/06/2014 09:53:41,08/06/2014 09:53:41,0,NOT_REACHED,
5381566182,4009454720,02/06/2014 13:08:54,02/06/2014 13:09:02,02/06/2014 13:09:02,0,BUSY,
4832044207,3294905098,08/06/2014 05:45:33,08/06/2014 05:45:43,08/06/2014 05:46:03,20,HANG_UP,8.6
3159564044,4414120478,08/06/2014 20:07:05,08/06/2014 20:07:08,08/06/2014 20:08:44,96,HANG_UP,41.28
5341528109,2478527142,07/06/2014 15:18:27,07/06/2014 15:18:36,07/06/2014 15:18:57,21,HANG_UP,9.03
3416247446,2374813364,08/06/2014 22:31:08,08/06/2014 22:31:15,08/06/2014 22:32:15,60,HANG_UP,25.8
5566385834,4180154508,07/06/2014 05:41:11,07/06/2014 05:41:21,07/06/2014 05:41:50,29,HANG_UP,12.47
3022575222,3216998587,07/06/2014 01:48:00,07/06/2014 01:48:05,07/06/2014 01:48:23,18,NETWORK_ERROR,7.74
4508696235,5091342649,03/06/2014 17:06:01,03/06/2014 17:06:05,03/06/2014 17:06:05,0,BUSY,
5153941625,2859643946,08/06/2014 11:39:57,08/06/2014 11:40:06,08/06/2014 11:42:28,142,HANG_UP,61.06
2562791079,4759048899,06/06/2014 20:24:55,06/06/2014 20:25:01,06/06/2014 20:25:50,49,HANG_UP,21.07
3949377654,3150641655,03/06/2014 17:34:42,03/06/2014 17:34:51,03/06/2014 17:34:51,0,BUSY,
4621618641,4364208574,01/06/2014 09:22:47,01/06/2014 09:22:53,01/06/2014 09:22:53,0,BUSY,
3613642142,2487943786,03/06/2014 11:43:24,03/06/2014 11:43:29,03/06/2014 11:44:29,60,HANG_UP,25.8
2398735746,3648392561,06/06/2014 20:33:47,06/06/2014 20:33:57,06/06/2014 20:48:27,870,HANG_UP,374.1
4482373730,5243609091,05/06/2014 15:13:55,05/06/2014 15:13:58,05/06/2014 15:15:12,74,HANG_UP,31.82
3348725496,2695548116,03/06/2014 00:26:00,03/06/2014 00:26:12,03/06/2014 00:26:34,22,HANG_UP,9.46
5215354228,4445311455,02/06/2014 22:49:33,02/06/2014 22:49:39,02/06/2014 23:07:51,1092,HANG_UP,469.56
3599737985,4622828700,03/06/2014 10:20:22,03/06/2014 10:20:33,03/06/2014 10:23:39,186,HANG_UP,79.98
4231183587,5538921690,02/06/2014 14:26:58,02/06/2014 14:27:00,02/06/2014 14:28:08,68,HANG_UP,29.24
4483292731,3442568003,04/06/2014 17:45:40,04/06/2014 17:45:51,04/06/2014 17:45:51,0,BUSY,
4759041835,2963514598,08/06/2014 08:25:20,08/06/2014 08:25:27,08/06/2014 08:26:50,83,HANG_UP,35.69
4145372819,4038502386,02/06/2014 10:17:16,02/06/2014 10:17:26,02/06/2014 10:19:06,100,HANG_UP,43
3829747080,4636546249,02/06/2014 12:46:34,02/06/2014 12:46:46,02/06/2014 12:48:30,104,HANG_UP,44.72
5531518522,3889460617,02/06/2014 09:48:26,02/06/2014 09:48:34,02/06/2014 09:48:44,10,NETWORK_ERROR,4.3
5430917218,4939106596,06/06/2014 15:19:32,06/06/2014 15:19:43,06/06/2014 15:19:47,4,HANG_UP,1.72
2133577886,2862876302,08/06/2014 18:29:08,08/06/2014 18:29:16,08/06/2014 18:29:57,41,NETWORK_ERROR,17.63
5040741356,3528489551,05/06/2014 03:54:03,05/06/2014 03:54:14,05/06/2014 03:54:14,0,NOT_REACHED,
2702824157,2733483914,05/06/2014 17:28:12,05/06/2014 17:28:14,05/06/2014 17:29:52,98,HANG_UP,42.14
2565853583,3190038152,01/06/2014 07:54:26,01/06/2014 07:54:36,01/06/2014 07:56:23,107,HANG_UP,46.01
2282081593,5526965296,04/06/2014 06:26:08,04/06/2014 06:26:18,04/06/2014 06:27:24,66,NETWORK_ERROR,28.38
2153065216,4046532069,08/06/2014 05:22:26,08/06/2014 05:22:31,08/06/2014 05:22:31,0,BUSY,
5444848565,4127376217,08/06/2014 13:40:49,08/06/2014 13:40:56,08/06/2014 14:05:18,1462,HANG_UP,628.66
2823928312,2602925608,06/06/2014 18:15:41,06/06/2014 18:15:46,06/06/2014 18:15:46,0,NOT_REACHED,
5436455124,4182165576,05/06/2014 23:10:46,05/06/2014 23:10:56,05/06/2014 23:11:02,6,HANG_UP,2.58
3791348592,3495010354,04/06/2014 01:55:53,04/06/2014 01:56:00,04/06/2014 01:57:33,93,HANG_UP,39.99
2301432416,3994712126,03/06/2014 04:41:29,03/06/2014 04:41:34,03/06/2014 04:41:34,0,BUSY,
2411242428,2690374392,04/06/2014 12:20:09,04/06/2014 12:20:13,04/06/2014 12:22:02,109,HANG_UP,46.87
4193226989,3086449675,01/06/2014 12:56:42,01/06/2014 12:56:51,01/06/2014 12:56:51,0,BUSY,
3144192530,2603034796,04/06/2014 09:19:04,04/06/2014 09:19:12,04/06/2014 09:20:28,76,HANG_UP,32.68
4995384897,2588951418,03/06/2014 03:47:24,03/06/2014 03:47:34,03/06/2014 03:48:33,59,HANG_UP,25.37
5440485394,4888311219,07/06/2014 06:34:54,07/06/2014 06:34:56,07/06/2014 06:34:56,0,BUSY,
4349694780,2932796146,07/06/2014 01:53:25,07/06/2014 01:53:34,07/06/2014 01:53:34,0,BUSY,
4272844624,3325446320,08/06/2014 05:19:57,08/06/2014 05:20:06,08/06/2014 05:42:48,1362,HANG_UP,585.66
3368352379,4756948983,05/06/2014 01:38:59,05/06/2014 01:39:11,05/06/2014 01:39:11,0,BUSY,
5202442893,2538098833,04/06/2014 18:21:46,04/06/2014 18:21:58,04/06/2014 18:21:58,0,BUSY,
3449925964,2335377542,05/06/2014 13:52:34,05/06/2014 13:52:45,05/06/2014 13:54:08,83,HANG_UP,35.69
2668047175,3072216672,02/06/2014 14:42:10,02/06/2014 14:42:18,02/06/2014 14:42:26,8,HANG_UP,3.44
4249256465,5123566418,01/06/2014 09:51:11,01/06/2014 09:51:21,01/06/2014 09:51:37,16,HANG_UP,6.88
2675502320,3884049881,08/06/2014 12:36:46,08/06/2014 12:36:50,08/06/2014 12:40:20,210,HANG_UP,90.3
4695345287,2389151662,02/06/2014 04:01:49,02/06/2014 04:01:51,02/06/2014 04:15:43,832,NETWORK_ERROR,357.76
4113332967,2205575056,02/06/2014 23:51:13,02/06/2014 23:51:25,02/06/2014 23:52:20,55,HANG_UP,23.65
2706621327,2473602064,06/06/2014 15:09:50,06/06/2014 15:09:52,06/06/2014 15:12:21,149,HANG_UP,64.07
4558626947,2971896640,08/06/2014 16:03:01,08/06/2014 16:03:03,08/06/2014 16:17:08,845,HANG_UP,363.35
2685746041,4458443890,02/06/2014 01:40:01,02/06/2014 01:40:13,02/06/2014 01:46:16,363,HANG_UP,156.09
2128425152,3902565715,08/06/2014 06:01:19,08/06/2014 06:01:30,08/06/2014 06:01:30,0,NOT_REACHED,
4999090810,3804242263,05/06/2014 02:13:47,05/06/2014 02:13:52,05/06/2014 02:13:52,0,BUSY,
3125652110,4022557003,01/06/2014 00:16:45,01/06/2014 00:16:49,01/06/2014 00:24:40,471,NETWORK_ERROR,202.53
2268654945,2730485800,05/06/2014 20:27:23,05/06/2014 20:27:31,05/06/2014 20:30:56,205,NETWORK_ERROR,88.15
2663149191,4395392118,08/06/2014 04:14:19,08/06/2014 04:14:28,08/06/2014 04:14:54,26,HANG_UP,11.18
4905794370,4688104509,02/06/2014 08:54:43,02/06/2014 08:54:55,02/06/2014 08:55:28,33,HANG_UP,14.19
4131737991,2529258559,05/06/2014 11:08:41,05/06/2014 11:08:53,05/06/2014 11:08:53,0,NOT_REACHED,
4485135748,5035466949,01/06/2014 16:35:19,01/06/2014 16:35:30,01/06/2014 16:44:03,513,HANG_UP,220.59
2524603352,3916439462,08/06/2014 10:59:12,08/06/2014 10:59:15,08/06/2014 10:59:19,4,HANG_UP,1.72
3818093141,2990384125,06/06/2014 00:10:48,06/06/2014 00:10:52,06/06/2014 00:11:30,38,NETWORK_ERROR,16.34
4637983633,4891213223,05/06/2014 03:41:37,05/06/2014 03:41:45,05/06/2014 03:59:48,1083,HANG_UP,465.69
4656248536,4590385962,04/06/2014 17:58:57,04/06/2014 17:59:05,04/06/2014 18:00:35,90,HANG_UP,38.7
5124708437,3433248392,03/06/2014 01:12:14,03/06/2014 01:12:23,03/06/2014 01:12:52,29,HANG_UP,12.47
2963416206,4032082827,07/06/2014 21:07:02,07/06/2014 21:07:14,07/06/2014 21:23:56,1002,HANG_UP,430.86
3340273727,2166122231,03/06/2014 14:57:12,03/06/2014 14:57:19,03/06/2014 14:57:29,10,HANG_UP,4.3
4417228092,3178032827,07/06/2014 08:05:50,07/06/2014 08:05:56,07/06/2014 08:07:17,81,HANG_UP,34.83
3013644374,4003619146,01/06/2014 12:25:48,01/06/2014 12:25:50,01/06/2014 12:26:34,44,NETWORK_ERROR,18.92
4518703031,4958754361,05/06/2014 07:10:18,05/06/2014 07:10:25,05/06/2014 07:11:15,50,HANG_UP,21.5
3811919400,4631792066,04/06/2014 03:04:05,04/06/2014 03:04:13,04/06/2014 03:04:13,0,BUSY,
3937363907,5348445391,08/06/2014 02:46:48,08/06/2014 02:46:52,08/06/2014 03:02:28,936,NETWORK_ERROR,402.48
5519994463,5046102721,08/06/2014 07:16:05,08/06/2014 07:16:08,08/06/2014 07:17:16,68,HANG_UP,29.24
3753207008,3634491004,03/06/2014 23:28:33,03/06/2014 23:28:35,03/06/2014 23:41:04,749,HANG_UP,322.07
2425094622,4658375718,02/06/2014 07:02:31,02/06/2014 07:02:41,02/06/2014 07:02:41,0,NOT_REACHED,
5257390880,4431526119,01/06/2014 18:52:55,01/06/2014 18:53:01,01/06/2014 18:53:24,23,HANG_UP,9.89
3842050386,3519551587,02/06/2014 13:52:34,02/06/2014 13:52:39,02/06/2014 13:52:39,0,BUSY,
4416457112,2406491321,04/06/2014 20:57:03,04/06/2014 20:57:05,04/06/2014 20:57:05,0,BUSY,
5187634101,2891711194,02/06/2014 05:29:40,02/06/2014 05:29:46,02/06/2014 05:29:46,0,BUSY,
2166913572,4681779070,03/06/2014 15:49:05,03/06/2014 15:49:12,03/06/2014 15:49:26,14,HANG_UP,6.02
4426480207,4597519624,07/06/2014 14:21:21,07/06/2014 14:21:25,07/06/2014 14:22:37,72,HANG_UP,30.96
3206846557,4302835006,06/06/2014 16:48:54,06/06/2014 16:49:04,06/06/2014 16:53:39,275,HANG_UP,118.25
4688540521,2345667356,08/06/2014 19:18:56,08/06/2014 19:19:04,08/06/2014 19:21:27,143,HANG_UP,61.49
4808919635,2721744651,08/06/2014 06:29:21,08/06/2014 06:29:30,08/06/2014 06:34:48,318,HANG_UP,136.74
3664388137,3826651428,08/06/2014 05:57:00,08/06/2014 05:57:12,08/06/2014 06:09:05,713,HANG_UP,306.59
2174805169,2565160497,01/06/2014 12:09:03,01/06/2014 12:09:10,01/06/2014 12:09:10,0,BUSY,
4896993090,2830992491,05/06/2014 14:41:44,05/06/2014 14:41:46,05/06/2014 14:43:27,101,HANG_UP,43.43
2520526521,5189978683,08/06/2014 07:26:22,08/06/2014 07:26:34,08/06/2014 07:29:34,180,HANG_UP,77.4
3794719143,3933769690,06/06/2014 21:50:14,06/06/2014 21:50:18,06/06/2014 21:51:39,81,HANG_UP,34.83
2748076256,4155263712,03/06/2014 17:40:29,03/06/2014 17:40:36,03/06/2014 17:41:08,32,HANG_UP,13.76
4146951055,3883225276,05/06/2014 03:59:49,05/06/2014 03:59:54,05/06/2014 04:09:54,600,HANG_UP,258
5449199176,3414416362,04/06/2014 18:47:50,04/06/2014 18:47:53,04/06/2014 19:04:34,1001,HANG_UP,430.43
3089050876,3809255482,03/06/2014 07:35:56,03/06/2014 07:36:08,03/06/2014 07:36:08,0,NOT_REACHED,
3688897175,5203442510,07/06/2014 20:40:31,07/06/2014 20:40:41,07/06/2014 20:42:24,103,HANG_UP,44.29
4269737613,2481822433,06/06/2014 21:05:04,06/06/2014 21:05:11,06/06/2014 21:05:11,0,NOT_REACHED,
3401211105,4693768571,08/06/2014 07:19:29,08/06/2014 07:19:33,08/06/2014 07:19:33,0,BUSY,
4691060414,5190789521,06/06/2014 21:13:41,06/06/2014 21:13:52,06/06/2014 21:15:30,98,NETWORK_ERROR,42.14
4372047083,5568135170,03/06/2014 16:13:31,03/06/2014 16:13:34,03/06/2014 16:14:49,75,NETWORK_ERROR,32.25
2259348901,2793106992,08/06/2014 03:11:54,08/06/2014 03:12:01,08/06/2014 03:17:43,342,HANG_UP,147.06
4048004663,4726896068,08/06/2014 07:48:48,08/06/2014 07:48:54,08/06/2014 07:51:39,165,HANG_UP,70.95
4014017148,3184043291,07/06/2014 18:23:59,07/06/2014 18:24:05,07/06/2014 18:26:21,136,HANG_UP,58.48
2472852108,2929644699,05/06/2014 07:49:14,05/06/2014 07:49:20,05/06/2014 07:51:59,159,HANG_UP,68.37
3973691306,3249879074,06/06/2014 06:13:30,06/06/2014 06:13:33,06/06/2014 06:14:32,59,HANG_UP,25.37
5510725131,2979800290,03/06/2014 14:01:52,03/06/2014 14:01:54,03/06/2014 14:03:17,83,HANG_UP,35.69
2350018609,3052584358,08/06/2014 06:28:48,08/06/2014 06:28:51,08/06/2014 06:28:51,0,NOT_REACHED,
4908044175,3703802584,01/06/2014 20:14:08,01/06/2014 20:14:20,01/06/2014 20:14:20,0,BUSY,
4723517157,4520055917,05/06/2014 12:45:15,05/06/2014 12:45:19,05/06/2014 12:47:20,121,HANG_UP,52.03
5015720155,2249218578,01/06/2014 22:59:20,01/06/2014 22:59:30,01/06/2014 23:01:46,136,HANG_UP,58.48
2439693424,3398893529,08/06/2014 18:12:46,08/06/2014 18:12:54,08/06/2014 18:12:54,0,BUSY,
3359871814,3186223297,05/06/2014 23:06:42,05/06/2014 23:06:46,05/06/2014 23:28:00,1274,HANG_UP,547.82
3657875459,3063613401,08/06/2014 06:01:38,08/06/2014 06:01:44,08/06/2014 06:02:30,46,HANG_UP,19.78
4396985211,2237912133,03/06/2014 20:13:07,03/06/2014 20:13:14,03/06/2014 20:14:43,89,HANG_UP,38.27
2774053352,5249240606,02/06/2014 05:23:31,02/06/2014 05:23:35,02/06/2014 05:25:11,96,HANG_UP,41.28
3121787666,5013617636,05/06/2014 21:37:09,05/06/2014 21:37:20,05/06/2014 21:38:49,89,NETWORK_ERROR,38.27
3122610308,2860915371,02/06/2014 23:08:52,02/06/2014 23:09:01,02/06/2014 23:09:01,0,BUSY,
5464490421,5272710005,05/06/2014 08:59:39,05/06/2014 08:59:44,05/06/2014 09:01:10,86,HANG_UP,36.98
3380597852,2131029469,08/06/2014 17:09:50,08/06/2014 17:10:02,08/06/2014 17:12:05,123,HANG_UP,52.89
4523876590,5430253510,06/06/2014 11:20:26,06/06/2014 11:20:33,06/06/2014 11:22:15,102,HANG_UP,43.86
4983883792,4980669652,03/06/2014 02:53:23,03/06/2014 02:53:33,03/06/2014 02:57:54,261,HANG_UP,112.23
4064494046,5536438477,01/06/2014 13:01:19,01/06/2014 13:01:29,01/06/2014 13:04:27,178,HANG_UP,76.54
4775315233,3620973191,04/06/2014 13:57:10,04/06/2014 13:57:19,04/06/2014 13:57:41,22,NETWORK_ERROR,9.46
5174914082,3935985989,05/06/2014 17:54:47,05/06/2014 17:54:50,05/06/2014 17:55:34,44,HANG_UP,18.92
4021198865,5151706502,05/06/2014 08:50:45,05/06/2014 08:50:55,05/06/2014 08:51:00,5,HANG_UP,2.15
3188557299,4374025458,02/06/2014 17:38:08,02/06/2014 17:38:19,02/06/2014 17:38:19,0,NOT_REACHED,
4038493035,3947493355,05/06/2014 13:57:16,05/06/2014 13:57:28,05/06/2014 13:58:07,39,HANG_UP,16.77
2532252847,5259182804,03/06/2014 10:10:15,03/06/2014 10:10:26,03/06/2014 10:11:04,38,HANG_UP,16.34
4627971212,5499735429,02/06/2014 18:46:43,02/06/2014 18:46:48,02/06/2014 18:46:48,0,NOT_REACHED,
5430677711,4409030815,03/06/2014 01:21:00,03/06/2014 01:21:04,03/06/2014 01:21:11,7,NETWORK_ERROR,3.01
2190635335,4276195602,01/06/2014 02:18:26,01/06/2014 02:18:30,01/06/2014 02:26:44,494,HANG_UP,212.42
4996373976,3095657949,04/06/2014 23:18:31,04/06/2014 23:18:43,04/06/2014 23:20:05,82,HANG_UP,35.26
3427910606,5161710517,04/06/2014 21:56:10,04/06/2014 21:56:18,04/06/2014 21:58:38,140,NETWORK_ERROR,60.2
2219404830,5243826279,02/06/2014 15:58:23,02/06/2014 15:58:28,02/06/2014 16:04:23,355,HANG_UP,152.65
2645297197,3203184269,08/06/2014 00:06:17,08/06/2014 00:06:23,08/06/2014 00:06:23,0,BUSY,
5510203538,2269892140,01/06/2014 01:33:01,01/06/2014 01:33:06,01/06/2014 01:33:06,0,BUSY,
3385232346,4149539080,04/06/2014 13:19:37,04/06/2014 13:19:48,04/06/2014 13:21:41,113,HANG_UP,48.59
4558123522,3279036440,08/06/2014 04:45:45,08/06/2014 04:45:47,08/06/2014 04:46:44,57,HANG_UP,24.51
2266340090,4425788373,04/06/2014 13:25:33,04/06/2014 13:25:42,04/06/2014 13:25:42,0,BUSY,
4063550808,5091209076,06/06/2014 04:11:52,06/06/2014 04:12:01,06/06/2014 04:13:43,102,NETWORK_ERROR,43.86
3896758226,2968811281,03/06/2014 20:23:11,03/06/2014 20:23:15,03/06/2014 20:23:15,0,NOT_REACHED,
4573107699,3450789604,06/06/2014 12:20:18,06/06/2014 12:20:23,06/06/2014 12:20:23,0,BUSY,
3088099661,4966854341,05/06/2014 17:17:50,05/06/2014 17:18:01,05/06/2014 17:18:01,0,NOT_REACHED,
3659135809,5211384035,02/06/2014 01:07:12,02/06/2014 01:07:24,02/06/2014 01:07:41,17,HANG_UP,7.31
4768588348,2818479380,08/06/2014 21:38:58,08/06/2014 21:39:02,08/06/2014 21:40:08,66,HANG_UP,28.38
4769888839,4014213650,01/06/2014 13:34:55,01/06/2014 13:35:00,01/06/2014 13:36:41,101,HANG_UP,43.43
3181889422,4350102366,04/06/2014 01:54:00,04/06/2014 01:54:07,04/06/2014 02:07:23,796,HANG_UP,342.28
2256355868,4865282427,08/06/2014 22:22:17,08/06/2014 22:22:24,08/06/2014 22:30:38,494,HANG_UP,212.42
2322767473,2395990935,03/06/2014 03:52:06,03/06/2014 03:52:13,03/06/2014 03:53:21,68,HANG_UP,29.24
3140270907,2350804621,01/06/2014 10:47:18,01/06/2014 10:47:24,01/06/2014 10:48:20,56,HANG_UP,24.08
3311134704,4683144289,07/06/2014 12:24:39,07/06/2014 12:24:41,07/06/2014 12:24:41,0,NOT_REACHED,
5113302363,2702712519,08/06/2014 17:23:05,08/06/2014 17:23:10,08/06/2014 17:24:06,56,HANG_UP,24.08
3685603424,2720374978,06/06/2014 18:12:52,06/06/2014 18:13:04,06/06/2014 18:19:58,414,HANG_UP,178.02
4112364816,5582952831,05/06/2014 13:51:33,05/06/2014 13:51:45,05/06/2014 13:51:45,0,BUSY,
2290103793,3958019869,05/06/2014 01:01:42,05/06/2014 01:01:54,05/06/2014 01:20:08,1094,HANG_UP,470.42
4084293926,4274543414,06/06/2014 21:56:00,06/06/2014 21:56:12,06/06/2014 21:57:11,59,HANG_UP,25.37
4334696344,3179549651,02/06/2014 02:31:31,02/06/2014 02:31:39,02/06/2014 02:32:25,46,HANG_UP,19.78
5067894476,2200356425,07/06/2014 18:13:36,07/06/2014 18:13:48,07/06/2014 18:13:48,0,BUSY,
3361735353,2612082264,07/06/2014 00:47:26,07/06/2014 00:47:33,07/06/2014 00:47:33,0,BUSY,
5305180782,4024024285,07/06/2014 23:08:46,07/06/2014 23:08:52,07/06/2014 23:26:50,1078,HANG_UP,463.54
2698100468,5276542663,01/06/2014 16:13:38,01/06/2014 16:13:50,01/06/2014 16:15:16,86,HANG_UP,36.98
4761279169,3693984399,02/06/2014 00:26:53,02/06/2014 00:26:58,02/06/2014 00:26:58,0,BUSY,
2857122439,4943371511,01/06/2014 18:32:27,01/06/2014 18:32:37,01/06/2014 18:33:09,32,HANG_UP,13.76
4963450901,3424109559,07/06/2014 21:37:25,07/06/2014 21:37:36,07/06/2014 21:37:36,0,NOT_REACHED,
3510526441,3387268684,04/06/2014 06:40:24,04/06/2014 06:40:32,04/06/2014 06:58:23,1071,HANG_UP,460.53
2380304998,4619419770,02/06/2014 21:21:43,02/06/2014 21:21:54,02/06/2014 21:36:52,898,HANG_UP,386.14
3043019383,5587290920,01/06/2014 06:50:40,01/06/2014 06:50:50,01/06/2014 06:50:53,3,HANG_UP,1.29
4455641760,4975191312,08/06/2014 15:02:35,08/06/2014 15:02:40,08/06/2014 15:02:40,0,NOT_REACHED,
3726487172,2315719823,05/06/2014 00:07:55,05/06/2014 00:08:01,05/06/2014 00:27:29,1168,HANG_UP,502.24
3930788917,3841919455,08/06/2014 03:06:37,08/06/2014 03:06:43,08/06/2014 03:25:10,1107,HANG_UP,476.01
3962559476,3263606620,01/06/2014 14:20:32,01/06/2014 14:20:34,01/06/2014 14:20:34,0,NOT_REACHED,
4162067052,4866694873,03/06/2014 16:32:10,03/06/2014 16:32:14,03/06/2014 16:49:38,1044,NETWORK_ERROR,448.92
4214678404,4478196068,02/06/2014 15:16:09,02/06/2014 15:16:15,02/06/2014 15:16:15,0,BUSY,
5585499261,2194432790,06/06/2014 02:04:15,06/06/2014 02:04:22,06/06/2014 02:05:23,61,HANG_UP,26.23
4217554932,4761489542,06/06/2014 20:54:18,06/06/2014 20:54:30,06/06/2014 20:54:30,0,NOT_REACHED,
4752563660,4337119488,01/06/2014 21:45:14,01/06/2014 21:45:25,01/06/2014 22:01:51,986,HANG_UP,423.98
3065516175,3861549801,05/06/2014 12:43:36,05/06/2014 12:43:41,05/06/2014 12:44:26,45,HANG_UP,19.35
4920164891,3651131373,08/06/2014 13:34:31,08/06/2014 13:34:42,08/06/2014 13:34:42,0,BUSY,
4349612832,4935322809,08/06/2014 16:01:11,08/06/2014 16:01:16,08/06/2014 16:07:36,380,HANG_UP,163.4
2785232361,4312781553,04/06/2014 02:13:12,04/06/2014 02:13:21,04/06/2014 02:13:21,0,NOT_REACHED,
4988031369,4004783995,04/06/2014 02:36:50,04/06/2014 02:36:55,04/06/2014 02:41:30,275,HANG_UP,118.25
5533565565,3889762047,08/06/2014 17:08:10,08/06/2014 17:08:16,08/06/2014 17:08:16,0,NOT_REACHED,
3727555957,5282802320,04/06/2014 06:57:00,04/06/2014 06:57:04,04/06/2014 06:57:04,0,NOT_REACHED,
3873776200,3155076866,06/06/2014 22:45:00,06/06/2014 22:45:07,06/06/2014 22:46:27,80,HANG_UP,34.4
4472716653,4507811612,05/06/2014 15:02:43,05/06/2014 15:02:47,05/06/2014 15:05:31,164,HANG_UP,70.52
5278379044,4052145876,01/06/2014 13:04:04,01/06/2014 13:04:06,01/06/2014 13:18:30,864,HANG_UP,371.52
5407819672,3509754571,01/06/2014 05:40:35,01/06/2014 05:40:40,01/06/2014 05:47:41,421,HANG_UP,181.03
4385311677,5083349333,02/06/2014 12:17:44,02/06/2014 12:17:52,02/06/2014 12:17:52,0,NOT_REACHED,
4862817855,4964840280,08/06/2014 08:23:44,08/06/2014 08:23:56,08/06/2014 08:25:15,79,HANG_UP,33.97
4099400581,3699693121,08/06/2014 17:25:10,08/06/2014 17:25:15,08/06/2014 17:26:14,59,HANG_UP,25.37
3473458920,4031138570,04/06/2014 03:44:42,04/06/2014 03:44:45,04/06/2014 03:45:03,18,HANG_UP,7.74
4376708049,2739197379,04/06/2014 13:00:31,04/06/2014 13:00:39,04/06/2014 13:01:19,40,HANG_UP,17.2
4490994868,3191591472,03/06/2014 00:10:16,03/06/2014 00:10:23,03/06/2014 00:29:34,1151,HANG_UP,494.93
5071860494,2774381213,05/06/2014 01:13:45,05/06/2014 01:13:51,05/06/2014 01:27:08,797,HANG_UP,342.71
3213260622,5340378330,02/06/2014 00:15:43,02/06/2014 00:15:46,02/06/2014 00:23:44,478,HANG_UP,205.54
2361604711,3519147655,08/06/2014 22:09:44,08/06/2014 22:09:56,08/06/2014 22:11:23,87,HANG_UP,37.41
5439523498,2208666809,08/06/2014 03:23:19,08/06/2014 03:23:27,08/06/2014 03:24:57,90,HANG_UP,38.7
4658025357,5413958372,03/06/2014 07:05:23,03/06/2014 07:05:30,03/06/2014 07:06:32,62,HANG_UP,26.66
3901951616,4607262228,06/06/2014 10:56:17,06/06/2014 10:56:24,06/06/2014 11:07:48,684,HANG_UP,294.12
2286890782,4167563303,02/06/2014 14:01:22,02/06/2014 14:01:33,02/06/2014 14:01:33,0,BUSY,
4097706411,3433322714,08/06/2014 15:56:41,08/06/2014 15:56:49,08/06/2014 15:58:06,77,NETWORK_ERROR,33.11
3911604382,3653768777,01/06/2014 21:21:09,01/06/2014 21:21:20,01/06/2014 21:31:22,602,HANG_UP,258.86
4178167956,4295307879,06/06/2014 02:00:54,06/06/2014 02:00:59,06/06/2014 02:22:25,1286,HANG_UP,552.98
2609116005,3099139097,08/06/2014 13:13:38,08/06/2014 13:13:43,08/06/2014 13:14:35,52,HANG_UP,22.36
3273295289,4273251343,07/06/2014 23:05:03,07/06/2014 23:05:13,07/06/2014 23:05:26,13,NETWORK_ERROR,5.59
3472180008,4968133240,01/06/2014 02:32:17,01/06/2014 02:32:22,01/06/2014 02:32:58,36,HANG_UP,15.48
3372450775,4504451097,05/06/2014 06:16:07,05/06/2014 06:16:13,05/06/2014 06:18:15,122,HANG_UP,52.46
3410250412,5401448525,08/06/2014 17:12:45,08/06/2014 17:12:49,08/06/2014 17:12:49,0,NOT_REACHED,
4421837320,3306283548,05/06/2014 14:22:10,05/06/2014 14:22:14,05/06/2014 14:34:29,735,HANG_UP,316.05
4794633453,3687315264,06/06/2014 10:22:14,06/06/2014 10:22:21,06/06/2014 10:24:52,151,HANG_UP,64.93
2638842595,4087205379,03/06/2014 13:22:02,03/06/2014 13:22:11,03/06/2014 13:22:11,0,NOT_REACHED,
2672300411,4743464973,03/06/2014 23:52:36,03/06/2014 23:52:48,03/06/2014 23:52:48,0,BUSY,
2829202472,2257250817,04/06/2014 00:17:06,04/06/2014 00:17:14,04/06/2014 00:28:20,666,HANG_UP,286.38
3862493879,2720129162,03/06/2014 09:49:19,03/06/2014 09:49:24,03/06/2014 09:50:10,46,HANG_UP,19.78
5088224775,5560057198,08/06/2014 12:32:35,08/06/2014 12:32:47,08/06/2014 12:46:03,796,HANG_UP,342.28
5339132053,4186862761,05/06/2014 21:47:35,05/06/2014 21:47:43,05/06/2014 21:47:43,0,NOT_REACHED,
4782136639,2656189317,08/06/2014 18:36:36,08/06/2014 18:36:48,08/06/2014 18:38:19,91,HANG_UP,39.13
2672506793,5401894448,05/06/2014 01:54:29,05/06/2014 01:54:36,05/06/2014 01:54:36,0,BUSY,
3936706325,2114994912,06/06/2014 23:28:43,06/06/2014 23:28:51,06/06/2014 23:29:30,39,HANG_UP,16.77
3847722200,3509537141,02/06/2014 02:08:42,02/06/2014 02:08:46,02/06/2014 02:09:19,33,HANG_UP,14.19
3480172231,2689128682,08/06/2014 10:28:17,08/06/2014 10:28:20,08/06/2014 10:28:20,0,NOT_REACHED,
4464709142,4487304889,07/06/2014 03:52:23,07/06/2014 03:52:35,07/06/2014 03:53:36,61,HANG_UP,26.23
3050971612,3349164175,01/06/2014 13:32:33,01/06/2014 13:32:35,01/06/2014 13:33:26,51,NETWORK_ERROR,21.93
4785014205,5102110755,04/06/2014 07:14:45,04/06/2014 07:14:54,04/06/2014 07:37:28,1354,HANG_UP,582.22
4124000423,4534702766,01/06/2014 13:38:03,01/06/2014 13:38:06,01/06/2014 14:00:23,1337,HANG_UP,574.91
3870096960,4288402126,06/06/2014 16:15:45,06/06/2014 16:15:54,06/06/2014 16:15:54,0,BUSY,
3799247138,2603468102,08/06/2014 12:50:49,08/06/2014 12:50:58,08/06/2014 13:12:31,1293,HANG_UP,555.99
2600266840,4348234566,08/06/2014 05:12:13,08/06/2014 05:12:16,08/06/2014 05:12:16,0,BUSY,
4652763827,2203070831,07/06/2014 05:30:56,07/06/2014 05:31:03,07/06/2014 05:31:59,56,NETWORK_ERROR,24.08
3000263700,5326049143,08/06/2014 09:26:06,08/06/2014 09:26:17,08/06/2014 09:27:22,65,HANG_UP,27.95
2770705685,5433845298,01/06/2014 17:04:03,01/06/2014 17:04:15,01/06/2014 17:05:39,84,HANG_UP,36.12
3753319778,4807350577,04/06/2014 23:23:48,04/06/2014 23:24:00,04/06/2014 23:24:00,0,BUSY,
5563417495,4834327439,01/06/2014 06:48:26,01/06/2014 06:48:32,01/06/2014 06:48:32,0,BUSY,
3423791549,2320188629,06/06/2014 01:35:10,06/06/2014 01:35:22,06/06/2014 01:35:22,0,NOT_REACHED,
2468231140,2184406114,02/06/2014 05:19:51,02/06/2014 05:19:54,02/06/2014 05:19:54,0,BUSY,
2447956983,4547509377,03/06/2014 01:19:09,03/06/2014 01:19:13,03/06/2014 01:40:38,1285,HANG_UP,552.55
3795661940,3226703675,01/06/2014 23:04:41,01/06/2014 23:04:47,01/06/2014 23:06:48,121,NETWORK_ERROR,52.03
2420071657,5255101344,02/06/2014 02:07:15,02/06/2014 02:07:20,02/06/2014 02:07:20,0,BUSY,
3415551351,2913178902,08/06/2014 21:36:00,08/06/2014 21:36:05,08/06/2014 21:36:05,0,BUSY,
3635424879,4239073716,03/06/2014 11:04:07,03/06/2014 11:04:18,03/06/2014 11:04:18,0,NOT_REACHED,
5180294817,2595723062,04/06/2014 01:26:38,04/06/2014 01:26:42,04/06/2014 01:26:42,0,BUSY,
5219903497,4216645169,04/06/2014 08:20:08,04/06/2014 08:20:20,04/06/2014 08:20:20,0,NOT_REACHED,
4985319767,4261595020,01/06/2014 10:00:46,01/06/2014 10:00:55,01/06/2014 10:01:27,32,HANG_UP,13.76
3528229169,2268459303,07/06/2014 11:42:05,07/06/2014 11:42:15,07/06/2014 11:44:01,106,NETWORK_ERROR,45.58
4899901474,3353603619,07/06/2014 17:15:56,07/06/2014 17:16:05,07/06/2014 17:34:14,1089,HANG_UP,468.27
2951516909,4456944154,06/06/2014 10:27:56,06/06/2014 10:28:01,06/06/2014 10:38:11,610,NETWORK_ERROR,262.3
3010601484,2733585259,07/06/2014 04:07:05,07/06/2014 04:07:08,07/06/2014 04:07:48,40,HANG_UP,17.2
3987687507,4433321368,05/06/2014 02:14:31,05/06/2014 02:14:34,05/06/2014 02:15:50,76,HANG_UP,32.68
2231513812,2970505701,06/06/2014 03:04:37,06/06/2014 03:04:40,06/06/2014 03:05:07,27,HANG_UP,11.61
4825863963,5136539519,05/06/2014 19:49:30,05/06/2014 19:49:33,05/06/2014 19:51:31,118,NETWORK_ERROR,50.74
2514389583,3851486351,06/06/2014 05:57:13,06/06/2014 05:57:23,06/06/2014 05:57:39,16,HANG_UP,6.88
3339016929,2574563855,01/06/2014 09:54:36,01/06/2014 09:54:42,01/06/2014 09:54:42,0,BUSY,
4999468785,3188991377,08/06/2014 00:22:12,08/06/2014 00:22:14,08/06/2014 00:22:25,11,HANG_UP,4.73
5168309673,2217750908,04/06/2014 05:16:14,04/06/2014 05:16:26,04/06/2014 05:17:36,70,HANG_UP,30.1
5177458434,2864232365,06/06/2014 20:16:56,06/06/2014 20:17:02,06/06/2014 20:17:02,0,BUSY,
3109170446,4966307270,05/06/2014 16:39:02,05/06/2014 16:39:09,05/06/2014 16:39:57,48,HANG_UP,20.64
2175137257,5323744123,05/06/2014 07:39:44,05/06/2014 07:39:52,05/06/2014 07:59:53,1201,HANG_UP,516.43
3389395704,5224433180,06/06/2014 15:37:07,06/06/2014 15:37:15,06/06/2014 15:37:53,38,NETWORK_ERROR,16.34
3610157308,2586336445,05/06/2014 08:50:38,05/06/2014 08:50:50,05/06/2014 08:51:07,17,HANG_UP,7.31
5080046704,5324899766,01/06/2014 08:47:02,01/06/2014 08:47:14,01/06/2014 08:47:33,19,HANG_UP,8.17
4182922458,3901404048,04/06/2014 09:07:43,04/06/2014 09:07:53,04/06/2014 09:07:53,0,NOT_REACHED,
4369349938,5021653361,05/06/2014 19:56:03,05/06/2014 19:56:13,05/06/2014 20:11:41,928,HANG_UP,399.04
5328992272,4801673633,04/06/2014 12:55:06,04/06/2014 12:55:11,04/06/2014 12:55:11,0,NOT_REACHED,
3840377099,3440046781,06/06/2014 06:40:54,06/06/2014 06:41:03,06/06/2014 06:42:21,78,HANG_UP,33.54
3393865577,5234606739,01/06/2014 21:02:44,01/06/2014 21:02:55,01/06/2014 21:04:18,83,NETWORK_ERROR,35.69
3687963942,3967240863,05/06/2014 23:20:50,05/06/2014 23:20:56,05/06/2014 23:44:41,1425,HANG_UP,612.75
3926073874,3758278612,06/06/2014 08:57:59,06/06/2014 08:58:07,06/06/2014 08:58:07,0,BUSY,
4491047248,4375507926,03/06/2014 11:58:17,03/06/2014 11:58:24,03/06/2014 11:59:08,44,NETWORK_ERROR,18.92
4019443573,4326039674,03/06/2014 19:32:25,03/06/2014 19:32:32,03/06/2014 19:32:32,0,NOT_REACHED,
2827794068,4149080907,06/06/2014 12:50:44,06/06/2014 12:50:56,06/06/2014 12:50:56,0,NOT_REACHED,
3312371111,5428671086,02/06/2014 16:36:38,02/06/2014 16:36:40,02/06/2014 16:36:48,8,HANG_UP,3.44
5433004189,5426531301,08/06/2014 23:10:43,08/06/2014 23:10:52,08/06/2014 23:12:42,110,HANG_UP,47.3
2950556327,5587321789,06/06/2014 11:43:00,06/06/2014 11:43:04,06/06/2014 11:43:04,0,NOT_REACHED,
4746001861,4145613857,08/06/2014 05:54:53,08/06/2014 05:55:02,08/06/2014 06:07:17,735,HANG_UP,316.05
2261723589,3958698267,01/06/2014 15:32:56,01/06/2014 15:32:59,01/06/2014 15:32:59,0,BUSY,
5176174482,3520735980,07/06/2014 03:12:31,07/06/2014 03:12:42,07/06/2014 03:12:42,0,NOT_REACHED,
4459116023,3914966619,05/06/2014 16:26:38,05/06/2014 16:26:43,05/06/2014 16:27:29,46,HANG_UP,19.78
4724030740,2531157071,03/06/2014 05:21:50,03/06/2014 05:21:54,03/06/2014 05:28:26,392,HANG_UP,168.56
2689349695,5120380509,05/06/2014 08:56:44,05/06/2014 08:56:50,05/06/2014 08:57:30,40,HANG_UP,17.2
4932998168,2560347784,03/06/2014 07:04:49,03/06/2014 07:04:56,03/06/2014 07:04:56,0,NOT_REACHED,
2629262163,3889827108,08/06/2014 21:20:39,08/06/2014 21:20:47,08/06/2014 21:21:22,35,HANG_UP,15.05
5133935948,5435928342,06/06/2014 06:27:23,06/06/2014 06:27:31,06/06/2014 06:27:31,0,BUSY,
2786737803,2978424705,02/06/2014 10:10:37,02/06/2014 10:10:39,02/06/2014 10:10:39,0,BUSY,
5080881054,5474332970,03/06/2014 23:49:05,03/06/2014 23:49:08,03/06/2014 23:49:23,15,HANG_UP,6.45
2130043366,4167268793,01/06/2014 21:14:09,01/06/2014 21:14:20,01/06/2014 21:14:20,0,NOT_REACHED,
3749418316,3547320997,01/06/2014 00:11:58,01/06/2014 00:12:00,01/06/2014 00:13:39,99,HANG_UP,42.57
5101194106,4949064217,06/06/2014 12:55:20,06/06/2014 12:55:26,06/06/2014 13:20:18,1492,HANG_UP,641.56
4031952640,2204154468,08/06/2014 12:19:01,08/06/2014 12:19:10,08/06/2014 12:19:10,0,NOT_REACHED,
2411081042,5240509324,06/06/2014 13:21:27,06/06/2014 13:21:35,06/06/2014 13:35:25,830,HANG_UP,356.9
5245005215,4859827941,02/06/2014 19:37:03,02/06/2014 19:37:10,02/06/2014 19:37:10,0,BUSY,
2431123413,2566629929,08/06/2014 10:40:45,08/06/2014 10:40:57,08/06/2014 10:40:57,0,NOT_REACHED,
4803546569,3924980941,02/06/2014 08:20:46,02/06/2014 08:20:52,02/06/2014 08:21:07,15,HANG_UP,6.45
2712072483,2824756104,01/06/2014 12:03:33,01/06/2014 12:03:35,01/06/2014 12:04:59,84,HANG_UP,36.12
4692508621,2617214039,06/06/2014 10:57:17,06/06/2014 10:57:21,06/06/2014 10:58:09,48,HANG_UP,20.64
2663978683,5028326931,02/06/2014 04:58:51,02/06/2014 04:58:55,02/06/2014 04:59:18,23,NETWORK_ERROR,9.89
2489226080,5285271159,03/06/2014 03:03:23,03/06/2014 03:03:30,03/06/2014 03:11:24,474,HANG_UP,203.82
5245385763,2824065766,08/06/2014 18:26:16,08/06/2014 18:26:23,08/06/2014 18:26:23,0,BUSY,
3183140850,5443912485,07/06/2014 08:00:38,07/06/2014 08:00:47,07/06/2014 08:00:47,0,BUSY,
4377340262,2965620430,04/06/2014 00:57:06,04/06/2014 00:57:18,04/06/2014 00:59:21,123,HANG_UP,52.89
4901027602,3019060165,03/06/2014 11:53:01,03/06/2014 11:53:05,03/06/2014 11:54:02,57,HANG_UP,24.51
3945096204,3767124481,01/06/2014 23:04:02,01/06/2014 23:04:13,01/06/2014 23:04:13,0,NOT_REACHED,
4253620975,2797648975,03/06/2014 04:29:38,03/06/2014 04:29:40,03/06/2014 04:29:40,0,BUSY,
5504670050,5176210472,04/06/2014 00:42:25,04/06/2014 00:42:33,04/06/2014 00:42:33,0,NOT_REACHED,
4338349300,2154922442,01/06/2014 07:11:46,01/06/2014 07:11:57,01/06/2014 07:11:57,0,BUSY,
3516399539,3933497078,05/06/2014 22:29:05,05/06/2014 22:29:15,05/06/2014 22:29:15,0,BUSY,
3544296304,2965237394,06/06/2014 15:32:27,06/06/2014 15:32:34,06/06/2014 15:32:34,0,BUSY,
4108367149,2997112527,04/06/2014 18:05:01,04/06/2014 18:05:07,04/06/2014 18:12:28,441,HANG_UP,189.63
3362138663,5397297169,06/06/2014 21:00:27,06/06/2014 21:00:36,06/06/2014 21:11:30,654,HANG_UP,281.22
4882649047,2477817508,08/06/2014 21:15:23,08/06/2014 21:15:25,08/06/2014 21:38:10,1365,HANG_UP,586.95
4471278784,3290407796,04/06/2014 21:09:57,04/06/2014 21:09:59,04/06/2014 21:09:59,0,NOT_REACHED,
5474097855,4535989514,06/06/2014 00:08:35,06/06/2014 00:08:42,06/06/2014 00:09:11,29,HANG_UP,12.47
5438923892,4074523270,07/06/2014 16:27:07,07/06/2014 16:27:15,07/06/2014 16:36:43,568,HANG_UP,244.24
3979223210,5521552973,05/06/2014 00:50:28,05/06/2014 00:50:39,05/06/2014 00:52:14,95,HANG_UP,40.85
2343910754,4495387080,06/06/2014 12:51:43,06/06/2014 12:51:48,06/06/2014 12:51:48,0,BUSY,
2656139669,5315639084,02/06/2014 14:41:28,02/06/2014 14:41:35,02/06/2014 14:41:35,0,BUSY,
5470438838,3632318720,05/06/2014 00:06:12,05/06/2014 00:06:24,05/06/2014 00:07:02,38,HANG_UP,16.34
4813245998,2859811020,03/06/2014 22:41:41,03/06/2014 22:41:44,03/06/2014 22:43:18,94,HANG_UP,40.42
2810628084,3814620178,02/06/2014 11:45:37,02/06/2014 11:45:48,02/06/2014 11:54:49,541,HANG_UP,232.63
5095578600,5112998755,05/06/2014 01:59:33,05/06/2014 01:59:44,05/06/2014 02:01:10,86,HANG_UP,36.98
4492276810,3094966422,05/06/2014 08:39:16,05/06/2014 08:39:20,05/06/2014 08:42:39,199,HANG_UP,85.57
2394867210,4857646427,06/06/2014 09:24:51,06/06/2014 09:25:01,06/06/2014 09:25:01,0,NOT_REACHED,
2762039288,2405492660,02/06/2014 17:08:17,02/06/2014 17:08:21,02/06/2014 17:32:54,1473,HANG_UP,633.39
2203096030,4344000963,06/06/2014 23:06:47,06/06/2014 23:06:49,06/06/2014 23:29:24,1355,HANG_UP,582.65
2687616959,2268398072,01/06/2014 06:18:01,01/06/2014 06:18:08,01/06/2014 06:18:24,16,HANG_UP,6.88
4469531268,2785179155,02/06/2014 18:39:19,02/06/2014 18:39:28,02/06/2014 18:48:24,536,NETWORK_ERROR,230.48
4271690985,3618139180,06/06/2014 03:36:52,06/06/2014 03:36:55,06/06/2014 03:49:02,727,HANG_UP,312.61
3936050779,4981060140,05/06/2014 07:03:15,05/06/2014 07:03:21,05/06/2014 07:03:54,33,HANG_UP,14.19
2712558471,2703208604,04/06/2014 10:36:13,04/06/2014 10:36:17,04/06/2014 10:37:38,81,HANG_UP,34.83
4274292052,3462836198,02/06/2014 22:39:10,02/06/2014 22:39:13,02/06/2014 22:51:45,752,NETWORK_ERROR,323.36
4127627227,2175123767,04/06/2014 12:24:07,04/06/2014 12:24:11,04/06/2014 12:25:41,90,NETWORK_ERROR,38.7
4205472677,5502260888,04/06/2014 22:17:41,04/06/2014 22:17:48,04/06/2014 22:19:43,115,HANG_UP,49.45
4611855676,4897602486,07/06/2014 08:10:51,07/06/2014 08:10:55,07/06/2014 08:12:28,93,HANG_UP,39.99
3605395223,2341092632,01/06/2014 18:32:53,01/06/2014 18:33:00,01/06/2014 18:33:00,0,BUSY,
4765180872,5055653322,06/06/2014 05:22:07,06/06/2014 05:22:13,06/06/2014 05:36:43,870,HANG_UP,374.1
5341175658,4722609389,01/06/2014 00:40:26,01/06/2014 00:40:36,01/06/2014 00:40:41,5,HANG_UP,2.15
3083910461,2565865630,07/06/2014 05:50:31,07/06/2014 05:50:43,07/06/2014 05:51:32,49,HANG_UP,21.07
3082428549,5594205672,03/06/2014 06:58:47,03/06/2014 06:58:50,03/06/2014 06:59:58,68,HANG_UP,29.24
3156595134,2266951356,05/06/2014 19:33:40,05/06/2014 19:33:49,05/06/2014 19:34:23,34,HANG_UP,14.62
2728267463,4566559379,02/06/2014 23:04:32,02/06/2014 23:04:38,02/06/2014 23:04:47,9,HANG_UP,3.87
3995753300,2940130052,03/06/2014 09:15:02,03/06/2014 09:15:14,03/06/2014 09:15:14,0,NOT_REACHED,
2906980811,3324874212,03/06/2014 07:02:51,03/06/2014 07:03:02,03/06/2014 07:03:16,14,HANG_UP,6.02
5142856612,5107822700,01/06/2014 19:59:34,01/06/2014 19:59:46,01/06/2014 20:01:06,80,HANG_UP,34.4
5146692398,3264418958,01/06/2014 20:24:30,01/06/2014 20:24:34,01/06/2014 20:26:20,106,HANG_UP,45.58
3762748486,4912664139,01/06/2014 19:45:11,01/06/2014 19:45:16,01/06/2014 19:50:04,288,NETWORK_ERROR,123.84
2416539411,5212339866,01/06/2014 12:51:03,01/06/2014 12:51:14,01/06/2014 12:51:14,0,BUSY,
4038657566,5374103950,04/06/2014 19:08:59,04/06/2014 19:09:03,04/06/2014 19:10:32,89,HANG_UP,38.27
4320531931,4359904201,05/06/2014 23:51:19,05/06/2014 23:51:23,05/06/2014 23:51:23,0,NOT_REACHED,
5512606499,3019833700,08/06/2014 18:17:11,08/06/2014 18:17:20,08/06/2014 18:18:31,71,HANG_UP,30.53
3671539628,2676106793,07/06/2014 09:16:43,07/06/2014 09:16:45,07/06/2014 09:17:53,68,HANG_UP,29.24
3985163299,2813950572,04/06/2014 09:34:00,04/06/2014 09:34:12,04/06/2014 09:34:32,20,HANG_UP,8.6
2711889907,2892694311,02/06/2014 08:13:22,02/06/2014 08:13:29,02/06/2014 08:13:34,5,HANG_UP,2.15
3128204256,3077198789,05/06/2014 00:18:29,05/06/2014 00:18:38,05/06/2014 00:18:38,0,BUSY,
4433487305,4256700710,01/06/2014 03:17:21,01/06/2014 03:17:30,01/06/2014 03:17:30,0,NOT_REACHED,
3487941976,2509693450,06/06/2014 14:32:34,06/06/2014 14:32:42,06/06/2014 14:32:42,0,BUSY,
3034281626,3180308213,06/06/2014 20:49:32,06/06/2014 20:49:38,06/06/2014 21:03:29,831,NETWORK_ERROR,357.33
4384034390,2588998608,05/06/2014 17:20:57,05/06/2014 17:21:06,05/06/2014 17:23:05,119,HANG_UP,51.17
3263766161,3385852249,07/06/2014 13:41:37,07/06/2014 13:41:39,07/06/2014 13:41:39,0,BUSY,
5489879345,2819350210,03/06/2014 08:58:14,03/06/2014 08:58:21,03/06/2014 09:00:18,117,HANG_UP,50.31
4374420066,2668120740,05/06/2014 18:01:07,05/06/2014 18:01:14,05/06/2014 18:01:58,44,HANG_UP,18.92
3820349502,4302738234,06/06/2014 20:36:14,06/06/2014 20:36:19,06/06/2014 20:48:21,722,HANG_UP,310.46
2495765746,3456416861,04/06/2014 05:16:47,04/06/2014 05:16:57,04/06/2014 05:30:58,841,HANG_UP,361.63
2241042139,5178419973,08/06/2014 13:44:07,08/06/2014 13:44:17,08/06/2014 13:51:13,416,HANG_UP,178.88
3315403645,3584702710,05/06/2014 19:35:53,05/06/2014 19:36:04,05/06/2014 19:36:04,0,BUSY,
5443821883,2599885684,06/06/2014 19:10:08,06/06/2014 19:10:16,06/06/2014 19:12:15,119,HANG_UP,51.17
2992072215,3392351983,04/06/2014 21:53:45,04/06/2014 21:53:48,04/06/2014 21:57:28,220,HANG_UP,94.6
4073020161,4862719655,02/06/2014 14:04:27,02/06/2014 14:04:37,02/06/2014 14:05:25,48,HANG_UP,20.64
3995166724,3418399526,06/06/2014 05:30:09,06/06/2014 05:30:12,06/06/2014 05:31:51,99,HANG_UP,42.57
4751692012,2607709325,07/06/2014 12:37:18,07/06/2014 12:37:20,07/06/2014 12:37:20,0,NOT_REACHED,
3646723467,2399863116,04/06/2014 21:20:01,04/06/2014 21:20:05,04/06/2014 21:22:15,130,HANG_UP,55.9
2656724732,4549259949,08/06/2014 22:25:15,08/06/2014 22:25:26,08/06/2014 22:25:37,11,HANG_UP,4.73
2445750162,4163616830,04/06/2014 19:20:50,04/06/2014 19:20:58,04/06/2014 19:20:58,0,BUSY,
3852453214,3378683368,03/06/2014 01:47:50,03/06/2014 01:48:01,03/06/2014 01:48:01,0,BUSY,
3736456100,5040558499,04/06/2014 18:34:56,04/06/2014 18:35:01,04/06/2014 18:36:33,92,HANG_UP,39.56
3518861721,4849368539,08/06/2014 03:09:41,08/06/2014 03:09:44,08/06/2014 03:23:01,797,HANG_UP,342.71
3127421568,3490939923,08/06/2014 12:13:14,08/06/2014 12:13:18,08/06/2014 12:13:18,0,NOT_REACHED,
4348248055,4886986929,07/06/2014 17:16:00,07/06/2014 17:16:12,07/06/2014 17:16:40,28,HANG_UP,12.04
4898838627,4999971945,03/06/2014 16:46:51,03/06/2014 16:47:00,03/06/2014 16:53:29,389,HANG_UP,167.27
2801181411,2947555565,04/06/2014 16:59:22,04/06/2014 16:59:27,04/06/2014 17:01:29,122,HANG_UP,52.46
5127071120,2737403504,08/06/2014 17:33:20,08/06/2014 17:33:23,08/06/2014 17:34:32,69,HANG_UP,29.67
2960135041,4416369216,07/06/2014 05:10:41,07/06/2014 05:10:49,07/06/2014 05:12:08,79,HANG_UP,33.97
2350728979,4952915758,06/06/2014 02:03:32,06/06/2014 02:03:41,06/06/2014 02:04:34,53,NETWORK_ERROR,22.79
5038305009,2361726442,06/06/2014 05:51:24,06/06/2014 05:51:27,06/06/2014 06:03:25,718,HANG_UP,308.74
5572974279,3956383766,08/06/2014 04:58:12,08/06/2014 04:58:16,08/06/2014 05:01:21,185,HANG_UP,79.55
2560236160,5598244694,06/06/2014 18:59:38,06/06/2014 18:59:40,06/06/2014 19:05:34,354,HANG_UP,152.22
5180097178,3884892263,02/06/2014 00:11:37,02/06/2014 00:11:46,02/06/2014 00:13:03,77,HANG_UP,33.11
3048052971,2912791328,04/06/2014 13:50:25,04/06/2014 13:50:34,04/06/2014 14:03:55,801,NETWORK_ERROR,344.43
4428654376,2544028075,05/06/2014 17:14:52,05/06/2014 17:15:04,05/06/2014 17:20:57,353,HANG_UP,151.79
4454631819,4825262256,08/06/2014 03:21:44,08/06/2014 03:21:55,08/06/2014 03:21:55,0,BUSY,
3281424588,3957600618,02/06/2014 13:25:34,02/06/2014 13:25:40,02/06/2014 13:41:52,972,HANG_UP,417.96
2658506186,2350284386,05/06/2014 01:41:37,05/06/2014 01:41:48,05/06/2014 01:43:18,90,HANG_UP,38.7
2495930559,3946703025,03/06/2014 17:10:43,03/06/2014 17:10:49,03/06/2014 17:12:27,98,HANG_UP,42.14
2568037356,3590455805,04/06/2014 21:28:31,04/06/2014 21:28:34,04/06/2014 21:30:18,104,HANG_UP,44.72
5503908530,3554936492,02/06/2014 10:41:17,02/06/2014 10:41:27,02/06/2014 10:41:52,25,NETWORK_ERROR,10.75
3149069659,5410394076,05/06/2014 11:11:04,05/06/2014 11:11:16,05/06/2014 11:13:24,128,HANG_UP,55.04
3745977078,3916801325,01/06/2014 12:16:57,01/06/2014 12:17:07,01/06/2014 12:17:54,47,NETWORK_ERROR,20.21
4980703241,5416599755,04/06/2014 12:12:39,04/06/2014 12:12:43,04/06/2014 12:12:43,0,NOT_REACHED,
3388033979,4261322276,03/06/2014 11:09:14,03/06/2014 11:09:26,03/06/2014 11:09:26,0,NOT_REACHED,
3010899159,3013657623,02/06/2014 11:37:28,02/06/2014 11:37:39,02/06/2014 11:39:00,81,HANG_UP,34.83
3439360219,3503793409,06/06/2014 04:34:55,06/06/2014 04:35:05,06/06/2014 04:35:13,8,HANG_UP,3.44
3938210228,2373175697,06/06/2014 17:34:38,06/06/2014 17:34:44,06/06/2014 17:34:44,0,NOT_REACHED,
2818216935,4096182766,01/06/2014 05:08:50,01/06/2014 05:08:53,01/06/2014 05:08:53,0,BUSY,
3971139549,2940086787,05/06/2014 02:22:37,05/06/2014 02:22:45,05/06/2014 02:23:01,16,HANG_UP,6.88
2332340508,4211903002,04/06/2014 08:18:57,04/06/2014 08:19:06,04/06/2014 08:20:10,64,NETWORK_ERROR,27.52
5500595883,5166424688,06/06/2014 01:28:47,06/06/2014 01:28:52,06/06/2014 01:30:01,69,NETWORK_ERROR,29.67
3907600590,3928631792,06/06/2014 04:24:52,06/06/2014 04:24:54,06/06/2014 04:25:01,7,HANG_UP,3.01
3852136889,3291782268,03/06/2014 18:19:00,03/06/2014 18:19:10,03/06/2014 18:19:10,0,NOT_REACHED,
3309324592,4135537847,02/06/2014 13:54:39,02/06/2014 13:54:43,02/06/2014 14:06:01,678,HANG_UP,291.54
2618819119,2870230147,04/06/2014 04:29:03,04/06/2014 04:29:10,04/06/2014 04:29:10,0,NOT_REACHED,
5156761726,4145337823,08/06/2014 16:50:35,08/06/2014 16:50:46,08/06/2014 16:50:46,0,BUSY,
5489030630,4522239967,07/06/2014 02:22:06,07/06/2014 02:22:18,07/06/2014 02:22:18,0,BUSY,
5586831668,4223984147,02/06/2014 21:09:03,02/06/2014 21:09:14,02/06/2014 21:10:27,73,HANG_UP,31.39
3488192144,3767910867,01/06/2014 22:32:10,01/06/2014 22:32:13,01/06/2014 22:32:33,20,HANG_UP,8.6
5498361918,4356840773,02/06/2014 17:26:11,02/06/2014 17:26:16,02/06/2014 17:27:27,71,HANG_UP,30.53
4156226217,5104831743,06/06/2014 10:04:13,06/06/2014 10:04:21,06/06/2014 10:04:21,0,BUSY,
5087620276,4784730553,02/06/2014 22:23:21,02/06/2014 22:23:27,02/06/2014 22:43:33,1206,HANG_UP,518.58
3561976297,2186263138,08/06/2014 18:57:46,08/06/2014 18:57:53,08/06/2014 18:58:35,42,HANG_UP,18.06
3864010827,4496328502,03/06/2014 04:23:13,03/06/2014 04:23:17,03/06/2014 04:33:19,602,HANG_UP,258.86
3636804287,2620296316,07/06/2014 05:28:10,07/06/2014 05:28:12,07/06/2014 05:28:12,0,BUSY,
2785920662,5072673841,08/06/2014 23:26:44,08/06/2014 23:26:53,08/06/2014 23:27:51,58,HANG_UP,24.94
4150014894,4823602424,07/06/2014 02:04:10,07/06/2014 02:04:18,07/06/2014 02:04:52,34,HANG_UP,14.62
5259087628,2916593696,08/06/2014 08:26:08,08/06/2014 08:26:14,08/06/2014 08:31:34,320,HANG_UP,137.6
4718812715,2628906513,07/06/2014 06:01:22,07/06/2014 06:01:25,07/06/2014 06:01:25,0,NOT_REACHED,
3899015861,4079390207,04/06/2014 02:14:24,04/06/2014 02:14:34,04/06/2014 02:15:18,44,HANG_UP,18.92
4481509951,5460368882,07/06/2014 08:54:13,07/06/2014 08:54:25,07/06/2014 08:54:25,0,BUSY,
5122272937,5036848565,02/06/2014 22:16:58,02/06/2014 22:17:04,02/06/2014 22:17:04,0,BUSY,
5295125752,5112061503,05/06/2014 08:15:08,05/06/2014 08:15:15,05/06/2014 08:16:19,64,HANG_UP,27.52
2932704302,3553464738,06/06/2014 00:31:46,06/06/2014 00:31:53,06/06/2014 00:31:53,0,NOT_REACHED,
2275672518,4294061678,06/06/2014 02:19:39,06/06/2014 02:19:49,06/06/2014 02:21:24,95,HANG_UP,40.85
3864898813,3383126040,02/06/2014 03:31:37,02/06/2014 03:31:42,02/06/2014 03:31:42,0,NOT_REACHED,
3602439751,4018055685,02/06/2014 18:28:45,02/06/2014 18:28:47,02/06/2014 18:28:47,0,NOT_REACHED,
2246710844,5327885088,01/06/2014 12:40:56,01/06/2014 12:41:04,01/06/2014 12:48:09,425,NETWORK_ERROR,182.75
2493761772,3664433265,08/06/2014 14:45:17,08/06/2014 14:45:28,08/06/2014 14:45:28,0,BUSY,
3504040127,2721709275,07/06/2014 16:58:16,07/06/2014 16:58:19,07/06/2014 17:01:59,220,HANG_UP,94.6
5572883940,4684943017,08/06/2014 19:19:15,08/06/2014 19:19:26,08/06/2014 19:41:10,1304,HANG_UP,560.72
4952021000,3096854149,06/06/2014 13:51:37,06/06/2014 13:51:44,06/06/2014 13:56:42,298,HANG_UP,128.14
4170335721,4282995815,04/06/2014 00:39:27,04/06/2014 00:39:38,04/06/2014 00:40:46,68,HANG_UP,29.24
5209618284,4824463068,05/06/2014 21:36:05,05/06/2014 21:36:16,05/06/2014 21:36:51,35,HANG_UP,15.05
4858308574,2214050974,03/06/2014 04:01:09,03/06/2014 04:01:14,03/06/2014 04:02:19,65,HANG_UP,27.95
4713120145,3691462184,08/06/2014 14:49:47,08/06/2014 14:49:57,08/06/2014 14:51:07,70,HANG_UP,30.1
5204392356,3178569600,05/06/2014 08:04:09,05/06/2014 08:04:11,05/06/2014 08:04:51,40,NETWORK_ERROR,17.2
2739266859,5266986171,01/06/2014 02:38:36,01/06/2014 02:38:40,01/06/2014 02:38:47,7,HANG_UP,3.01
2951037791,5121448082,05/06/2014 01:08:10,05/06/2014 01:08:19,05/06/2014 01:08:54,35,NETWORK_ERROR,15.05
4602272126,4995762826,08/06/2014 22:31:55,08/06/2014 22:32:04,08/06/2014 22:33:49,105,HANG_UP,45.15
3764548031,2392327661,07/06/2014 03:41:08,07/06/2014 03:41:15,07/06/2014 03:56:18,903,HANG_UP,388.29
2478909887,4394471645,06/06/2014 02:23:27,06/06/2014 02:23:30,06/06/2014 02:26:24,174,HANG_UP,74.82
3484386052,4947125678,03/06/2014 12:53:06,03/06/2014 12:53:11,03/06/2014 12:58:19,308,HANG_UP,132.44
4875168181,2293573868,05/06/2014 06:38:11,05/06/2014 06:38:13,05/06/2014 06:38:13,0,BUSY,
3783144972,4368268205,08/06/2014 02:16:19,08/06/2014 02:16:21,08/06/2014 02:16:55,34,HANG_UP,14.62
2837040007,3672839512,07/06/2014 18:42:36,07/06/2014 18:42:44,07/06/2014 18:44:27,103,NETWORK_ERROR,44.29
4306730359,3218776106,07/06/2014 18:06:12,07/06/2014 18:06:16,07/06/2014 18:08:05,109,HANG_UP,46.87
3556117279,2343568254,02/06/2014 11:14:10,02/06/2014 11:14:16,02/06/2014 11:15:14,58,HANG_UP,24.94
5313758791,2449178945,01/06/2014 14:51:10,01/06/2014 14:51:14,01/06/2014 14:51:59,45,HANG_UP,19.35
2528130501,3622717479,07/06/2014 22:10:46,07/06/2014 22:10:53,07/06/2014 22:10:53,0,NOT_REACHED,
2825896522,2453213385,01/06/2014 00:29:06,01/06/2014 00:29:15,01/06/2014 00:31:04,109,HANG_UP,46.87
2552652477,4215859477,08/06/2014 21:52:14,08/06/2014 21:52:16,08/06/2014 21:52:50,34,HANG_UP,14.62
4570677688,4561367961,03/06/2014 04:06:54,03/06/2014 04:07:02,03/06/2014 04:07:02,0,BUSY,
4949590172,2407371746,03/06/2014 05:45:13,03/06/2014 05:45:20,03/06/2014 05:46:34,74,HANG_UP,31.82
3623642988,2950796350,01/06/2014 01:48:36,01/06/2014 01:48:46,01/06/2014 01:48:46,0,BUSY,
2179180608,3472277561,05/06/2014 23:17:16,05/06/2014 23:17:19,05/06/2014 23:17:19,0,NOT_REACHED,
5052144363,3364028539,06/06/2014 13:32:00,06/06/2014 13:32:09,06/06/2014 13:46:08,839,HANG_UP,360.77
2505146789,2607686482,02/06/2014 19:09:41,02/06/2014 19:09:50,02/06/2014 19:10:02,12,HANG_UP,5.16
4178900615,3165674085,04/06/2014 05:17:38,04/06/2014 05:17:42,04/06/2014 05:17:42,0,BUSY,
4029514489,2316568294,01/06/2014 17:59:55,01/06/2014 18:00:07,01/06/2014 18:00:07,0,BUSY,
3580511611,3922044618,02/06/2014 12:15:47,02/06/2014 12:15:54,02/06/2014 12:18:05,131,HANG_UP,56.33
5243860347,3309008966,02/06/2014 14:27:46,02/06/2014 14:27:58,02/06/2014 14:45:51,1073,HANG_UP,461.39
2973691607,2631897049,02/06/2014 20:33:09,02/06/2014 20:33:12,02/06/2014 20:33:25,13,HANG_UP,5.59
2672906575,4211672769,06/06/2014 19:41:02,06/06/2014 19:41:14,06/06/2014 19:42:12,58,HANG_UP,24.94
4446168126,2449023426,07/06/2014 15:32:21,07/06/2014 15:32:28,07/06/2014 15:32:38,10,HANG_UP,4.3
5453642337,3960539813,08/06/2014 16:46:22,08/06/2014 16:46:34,08/06/2014 16:46:34,0,BUSY,
2488379686,3091509793,05/06/2014 13:29:54,05/06/2014 13:29:56,05/06/2014 13:46:18,982,HANG_UP,422.26
5089267210,3303726215,04/06/2014 23:16:31,04/06/2014 23:16:35,04/06/2014 23:16:46,11,NETWORK_ERROR,4.73
3878902461,4554921177,08/06/2014 22:02:25,08/06/2014 22:02:34,08/06/2014 22:05:57,203,HANG_UP,87.29
2551148718,3143515799,05/06/2014 22:13:45,05/06/2014 22:13:50,05/06/2014 22:13:50,0,NOT_REACHED,
2908982331,2211067595,05/06/2014 06:43:46,05/06/2014 06:43:57,05/06/2014 06:47:23,206,HANG_UP,88.58
2773895277,5342611168,08/06/2014 09:17:16,08/06/2014 09:17:22,08/06/2014 09:38:43,1281,HANG_UP,550.83
4195955719,5073720532,08/06/2014 19:02:20,08/06/2014 19:02:24,08/06/2014 19:03:23,59,HANG_UP,25.37
3148939914,4545579682,04/06/2014 13:42:15,04/06/2014 13:42:24,04/06/2014 13:44:36,132,HANG_UP,56.76
4633406182,5201495594,05/06/2014 05:56:19,05/06/2014 05:56:21,05/06/2014 05:56:46,25,HANG_UP,10.75
2300285679,2962928142,07/06/2014 22:42:01,07/06/2014 22:42:13,07/06/2014 22:42:13,0,NOT_REACHED,
4805161223,4356339581,08/06/2014 16:21:01,08/06/2014 16:21:10,08/06/2014 16:21:52,42,HANG_UP,18.06
4011666347,4918250960,01/06/2014 09:05:53,01/06/2014 09:06:01,01/06/2014 09:22:28,987,NETWORK_ERROR,424.41
4009826438,3381917629,03/06/2014 20:33:36,03/06/2014 20:33:38,03/06/2014 20:49:38,960,HANG_UP,412.8
4284695977,4173482395,06/06/2014 14:07:51,06/06/2014 14:07:58,06/06/2014 14:07:58,0,BUSY,
4457880443,4687715968,06/06/2014 19:00:45,06/06/2014 19:00:48,06/06/2014 19:01:05,17,HANG_UP,7.31
2251013832,2403835444,05/06/2014 05:36:04,05/06/2014 05:36:06,05/06/2014 05:37:37,91,HANG_UP,39.13
3333059380,5343625555,05/06/2014 09:15:36,05/06/2014 09:15:48,05/06/2014 09:22:45,417,HANG_UP,179.31
3103741810,4134503347,01/06/2014 10:57:16,01/06/2014 10:57:20,01/06/2014 10:57:20,0,BUSY,
2686199000,5110693096,06/06/2014 14:31:13,06/06/2014 14:31:25,06/06/2014 14:33:50,145,HANG_UP,62.35
3094450288,4783927359,05/06/2014 08:38:34,05/06/2014 08:38:36,05/06/2014 08:40:27,111,HANG_UP,47.73
3645008721,3362562974,02/06/2014 21:12:10,02/06/2014 21:12:12,02/06/2014 21:12:12,0,NOT_REACHED,
2824199903,3855163729,03/06/2014 12:09:44,03/06/2014 12:09:50,03/06/2014 12:09:50,0,NOT_REACHED,
5532435082,4820034305,08/06/2014 16:06:02,08/06/2014 16:06:13,08/06/2014 16:06:13,0,BUSY,
2358264557,4380201407,04/06/2014 02:37:32,04/06/2014 02:37:42,04/06/2014 02:38:20,38,HANG_UP,16.34
3413252377,3001839961,07/06/2014 11:25:08,07/06/2014 11:25:19,07/06/2014 11:36:59,700,HANG_UP,301
3268851773,4877756627,05/06/2014 23:21:29,05/06/2014 23:21:38,05/06/2014 23:21:38,0,BUSY,
3914461081,3518230787,06/06/2014 09:44:24,06/06/2014 09:44:34,06/06/2014 09:44:34,0,NOT_REACHED,
2895715518,5170774292,01/06/2014 00:06:25,01/06/2014 00:06:32,01/06/2014 00:29:14,1362,HANG_UP,585.66
2124553974,5043521846,04/06/2014 23:08:59,04/06/2014 23:09:04,04/06/2014 23:10:44,100,HANG_UP,43
3376350106,3907879640,01/06/2014 03:24:30,01/06/2014 03:24:34,01/06/2014 03:26:44,130,NETWORK_ERROR,55.9
4876736035,3167545045,03/06/2014 16:25:05,03/06/2014 16:25:13,03/06/2014 16:25:16,3,HANG_UP,1.29
2367706136,2547360434,08/06/2014 17:22:01,08/06/2014 17:22:04,08/06/2014 17:23:27,83,NETWORK_ERROR,35.69
3591607418,4609595898,08/06/2014 01:07:49,08/06/2014 01:07:57,08/06/2014 01:19:30,693,HANG_UP,297.99
2358821470,4770991254,05/06/2014 19:41:19,05/06/2014 19:41:27,05/06/2014 20:05:13,1426,HANG_UP,613.18
5216422662,2814500548,08/06/2014 14:16:22,08/06/2014 14:16:24,08/06/2014 14:17:24,60,HANG_UP,25.8
2245348602,2981928945,07/06/2014 01:34:57,07/06/2014 01:35:07,07/06/2014 01:36:05,58,HANG_UP,24.94
4659867192,5495905049,05/06/2014 07:25:10,05/06/2014 07:25:14,05/06/2014 07:26:30,76,HANG_UP,32.68
4102375840,3698878341,06/06/2014 11:04:45,06/06/2014 11:04:52,06/06/2014 11:17:15,743,HANG_UP,319.49
2474817891,5358084435,08/06/2014 01:50:52,08/06/2014 01:50:54,08/06/2014 01:52:49,115,HANG_UP,49.45
3834251783,3354668939,07/06/2014 14:56:37,07/06/2014 14:56:46,07/06/2014 14:58:12,86,HANG_UP,36.98
3801357353,3275411319,06/06/2014 20:14:59,06/06/2014 20:15:06,06/06/2014 20:15:28,22,HANG_UP,9.46
2335914994,3468740810,07/06/2014 23:10:56,07/06/2014 23:11:03,07/06/2014 23:29:48,1125,HANG_UP,483.75
3803542606,5426984716,05/06/2014 23:02:04,05/06/2014 23:02:06,05/06/2014 23:02:06,0,BUSY,
2844053252,3395655815,05/06/2014 13:07:59,05/06/2014 13:08:04,05/06/2014 13:08:04,0,BUSY,
3879554797,5257586440,01/06/2014 19:24:39,01/06/2014 19:24:44,01/06/2014 19:24:44,0,NOT_REACHED,
2870635132,2196184267,01/06/2014 08:50:16,01/06/2014 08:50:28,01/06/2014 08:50:28,0,BUSY,
4455804555,5488832187,08/06/2014 14:12:43,08/06/2014 14:12:48,08/06/2014 14:18:42,354,HANG_UP,152.22
3384836139,3259794480,01/06/2014 01:57:03,01/06/2014 01:57:07,01/06/2014 01:57:07,0,NOT_REACHED,
3549536555,4143253201,07/06/2014 11:16:24,07/06/2014 11:16:32,07/06/2014 11:17:31,59,HANG_UP,25.37
4308232100,2985868917,03/06/2014 09:56:33,03/06/2014 09:56:41,03/06/2014 10:01:18,277,HANG_UP,119.11
4352096084,3400951501,01/06/2014 23:40:26,01/06/2014 23:40:29,01/06/2014 23:41:08,39,HANG_UP,16.77
4694968034,2878257186,02/06/2014 23:27:57,02/06/2014 23:28:05,02/06/2014 23:28:05,0,BUSY,
4817671891,4335265421,04/06/2014 23:25:48,04/06/2014 23:25:54,04/06/2014 23:27:25,91,HANG_UP,39.13
5151637862,4244558649,04/06/2014 21:55:11,04/06/2014 21:55:16,04/06/2014 21:56:51,95,HANG_UP,40.85
4090855594,4497118681,01/06/2014 08:56:46,01/06/2014 08:56:57,01/06/2014 08:56:57,0,NOT_REACHED,
3742432702,4610710220,02/06/2014 23:30:20,02/06/2014 23:30:24,02/06/2014 23:30:26,2,NETWORK_ERROR,0.86
2959753741,5095789469,06/06/2014 04:58:18,06/06/2014 04:58:29,06/06/2014 04:59:32,63,NETWORK_ERROR,27.09
3743626905,5358387839,02/06/2014 17:08:44,02/06/2014 17:08:47,02/06/2014 17:08:47,0,NOT_REACHED,
4504862039,3380341766,01/06/2014 17:02:27,01/06/2014 17:02:37,01/06/2014 17:22:05,1168,HANG_UP,502.24
4049889781,2860839217,05/06/2014 01:04:49,05/06/2014 01:04:53,05/06/2014 01:05:50,57,HANG_UP,24.51
3152810762,4638027316,04/06/2014 14:04:17,04/06/2014 14:04:20,04/06/2014 14:04:26,6,NETWORK_ERROR,2.58
4440963533,4430645268,04/06/2014 02:42:54,04/06/2014 02:42:59,04/06/2014 02:45:13,134,HANG_UP,57.62
5534215798,4033095709,05/06/2014 12:25:09,05/06/2014 12:25:15,05/06/2014 12:25:36,21,HANG_UP,9.03
5119280705,3430487099,01/06/2014 01:02:29,01/06/2014 01:02:40,01/06/2014 01:07:37,297,HANG_UP,127.71
2257494143,5195236964,05/06/2014 12:58:51,05/06/2014 12:58:55,05/06/2014 12:59:35,40,HANG_UP,17.2
2568588324,5229427667,05/06/2014 04:58:05,05/06/2014 04:58:15,05/06/2014 04:59:18,63,HANG_UP,27.09
3937246554,4102356246,04/06/2014 12:53:46,04/06/2014 12:53:51,04/06/2014 12:55:59,128,NETWORK_ERROR,55.04
5041474357,4324969248,04/06/2014 11:02:08,04/06/2014 11:02:19,04/06/2014 11:02:58,39,HANG_UP,16.77
4116072656,5132124615,01/06/2014 20:58:35,01/06/2014 20:58:37,01/06/2014 21:02:30,233,HANG_UP,100.19
5082747213,3726871671,04/06/2014 01:38:38,04/06/2014 01:38:41,04/06/2014 01:38:41,0,BUSY,
5233470593,4285208073,01/06/2014 10:53:12,01/06/2014 10:53:22,01/06/2014 10:53:22,0,NOT_REACHED,
5087425123,2754090738,06/06/2014 21:51:48,06/06/2014 21:51:55,06/06/2014 21:54:27,152,HANG_UP,65.36
4481028828,2513975054,07/06/2014 12:41:15,07/06/2014 12:41:24,07/06/2014 12:46:36,312,HANG_UP,134.16
4924440979,4770765477,08/06/2014 12:06:27,08/06/2014 12:06:30,08/06/2014 12:08:16,106,HANG_UP,45.58
5349281323,4454646195,05/06/2014 20:14:12,05/06/2014 20:14:21,05/06/2014 20:38:36,1455,HANG_UP,625.65
5048371403,5184290182,08/06/2014 09:57:07,08/06/2014 09:57:09,08/06/2014 10:17:55,1246,HANG_UP,535.78
2565168419,4323938402,04/06/2014 02:45:08,04/06/2014 02:45:20,04/06/2014 02:45:20,0,NOT_REACHED,
2334251820,4438456012,04/06/2014 17:58:10,04/06/2014 17:58:22,04/06/2014 17:58:55,33,HANG_UP,14.19
4581917201,2197711359,01/06/2014 13:20:41,01/06/2014 13:20:47,01/06/2014 13:23:09,142,HANG_UP,61.06
4714598388,5516994598,04/06/2014 01:39:50,04/06/2014 01:39:59,04/06/2014 01:59:56,1197,HANG_UP,514.71
5297625098,2820486798,03/06/2014 23:34:53,03/06/2014 23:35:02,03/06/2014 23:36:07,65,HANG_UP,27.95
3160569061,3307168349,02/06/2014 05:32:50,02/06/2014 05:32:54,02/06/2014 05:52:11,1157,HANG_UP,497.51
2726450464,2887766561,08/06/2014 15:19:58,08/06/2014 15:20:04,08/06/2014 15:20:04,0,BUSY,
2916318159,5272357031,07/06/2014 13:50:55,07/06/2014 13:51:01,07/06/2014 13:59:21,500,HANG_UP,215
2997729872,4709310524,04/06/2014 15:31:43,04/06/2014 15:31:46,04/06/2014 15:32:45,59,HANG_UP,25.37
2703315098,2756001847,03/06/2014 22:39:12,03/06/2014 22:39:22,03/06/2014 22:39:22,0,BUSY,
3532466347,2152678425,03/06/2014 18:57:05,03/06/2014 18:57:09,03/06/2014 18:59:36,147,HANG_UP,63.21
2931533848,4624855062,02/06/2014 15:48:01,02/06/2014 15:48:04,02/06/2014 15:50:11,127,HANG_UP,54.61
4093298252,2264835920,04/06/2014 10:50:29,04/06/2014 10:50:39,04/06/2014 10:50:39,0,BUSY,
2245244847,3678086561,03/06/2014 11:27:52,03/06/2014 11:27:57,03/06/2014 11:29:06,69,HANG_UP,29.67
3900284313,3250376817,06/06/2014 02:09:44,06/06/2014 02:09:54,06/06/2014 02:10:06,12,HANG_UP,5.16
3093848851,5484113148,06/06/2014 14:49:11,06/06/2014 14:49:16,06/06/2014 14:49:16,0,NOT_REACHED,
2426450496,3795852133,02/06/2014 11:20:40,02/06/2014 11:20:46,02/06/2014 11:21:42,56,HANG_UP,24.08
3524086836,4330743734,01/06/2014 01:41:16,01/06/2014 01:41:18,01/06/2014 01:41:18,0,NOT_REACHED,
4747833543,3499798513,06/06/2014 17:13:12,06/06/2014 17:13:22,06/06/2014 17:14:04,42,HANG_UP,18.06
5289256533,5151960768,04/06/2014 17:26:25,04/06/2014 17:26:31,04/06/2014 17:26:36,5,HANG_UP,2.15
4427588839,5117100463,04/06/2014 13:38:55,04/06/2014 13:38:57,04/06/2014 13:39:10,13,HANG_UP,5.59
4728646145,3281451536,03/06/2014 23:08:42,03/06/2014 23:08:50,03/06/2014 23:09:59,69,HANG_UP,29.67
2249523799,3171496640,04/06/2014 12:09:15,04/06/2014 12:09:18,04/06/2014 12:09:46,28,HANG_UP,12.04
5376809926,5592465207,04/06/2014 13:24:35,04/06/2014 13:24:46,04/06/2014 13:25:58,72,HANG_UP,30.96
2222704748,2364150865,05/06/2014 11:47:02,05/06/2014 11:47:09,05/06/2014 11:48:33,84,HANG_UP,36.12
3614081203,5275739260,02/06/2014 05:17:53,02/06/2014 05:18:04,02/06/2014 05:19:20,76,HANG_UP,32.68
3483772108,3204587062,01/06/2014 06:51:43,01/06/2014 06:51:47,01/06/2014 06:51:47,0,BUSY,
3917990925,3852798853,02/06/2014 05:20:57,02/06/2014 05:21:09,02/06/2014 05:23:52,163,HANG_UP,70.09
4131524755,5310256395,02/06/2014 13:03:48,02/06/2014 13:03:59,02/06/2014 13:03:59,0,NOT_REACHED,
2799183039,5456573612,05/06/2014 19:40:11,05/06/2014 19:40:17,05/06/2014 19:54:33,856,HANG_UP,368.08
4251295176,2810544171,05/06/2014 13:55:53,05/06/2014 13:56:03,05/06/2014 13:57:14,71,HANG_UP,30.53
4404926411,3463962036,05/06/2014 12:01:09,05/06/2014 12:01:17,05/06/2014 12:24:56,1419,HANG_UP,610.17
5523779522,2842964245,08/06/2014 09:48:13,08/06/2014 09:48:15,08/06/2014 09:48:44,29,HANG_UP,12.47
2276139590,3324597369,05/06/2014 18:47:30,05/06/2014 18:47:34,05/06/2014 19:05:24,1070,HANG_UP,460.1
3091559918,3280352083,01/06/2014 21:17:00,01/06/2014 21:17:12,01/06/2014 21:17:42,30,HANG_UP,12.9
2780792094,5113494114,02/06/2014 21:55:45,02/06/2014 21:55:50,02/06/2014 21:55:50,0,NOT_REACHED,
5566494535,2278547735,02/06/2014 14:36:03,02/06/2014 14:36:13,02/06/2014 14:36:13,0,NOT_REACHED,
2959878825,4035959538,08/06/2014 10:21:42,08/06/2014 10:21:46,08/06/2014 10:21:56,10,HANG_UP,4.3
2821298061,2652064572,07/06/2014 07:17:14,07/06/2014 07:17:17,07/06/2014 07:35:09,1072,NETWORK_ERROR,460.96
4744410039,4997897675,06/06/2014 05:02:37,06/06/2014 05:02:48,06/06/2014 05:02:48,0,BUSY,
3466468213,3446943689,03/06/2014 01:23:17,03/06/2014 01:23:28,03/06/2014 01:24:11,43,HANG_UP,18.49
3897978641,3495932216,01/06/2014 10:32:28,01/06/2014 10:32:30,01/06/2014 10:32:30,0,BUSY,
2969057628,3610285347,08/06/2014 18:51:36,08/06/2014 18:51:39,08/06/2014 18:51:55,16,HANG_UP,6.88
3287760790,4838046446,07/06/2014 23:29:52,07/06/2014 23:29:54,07/06/2014 23:29:55,1,HANG_UP,0.43
2662448182,3159733153,01/06/2014 19:07:40,01/06/2014 19:07:51,01/06/2014 19:08:22,31,HANG_UP,13.33
3925573522,2911694812,05/06/2014 01:44:53,05/06/2014 01:44:55,05/06/2014 01:46:29,94,NETWORK_ERROR,40.42
2330504086,3078587549,01/06/2014 04:53:40,01/06/2014 04:53:52,01/06/2014 04:54:27,35,HANG_UP,15.05
2358706682,3641359283,04/06/2014 22:17:05,04/06/2014 22:17:07,04/06/2014 22:17:59,52,NETWORK_ERROR,22.36
2962600247,2298330935,08/06/2014 18:59:08,08/06/2014 18:59:17,08/06/2014 19:06:36,439,HANG_UP,188.77
3701735055,4905686427,03/06/2014 21:26:59,03/06/2014 21:27:08,03/06/2014 21:40:39,811,NETWORK_ERROR,348.73
4855207404,4075940941,05/06/2014 18:46:00,05/06/2014 18:46:09,05/06/2014 18:46:09,0,BUSY,
2311504540,2768153319,03/06/2014 08:42:42,03/06/2014 08:42:50,03/06/2014 08:42:50,0,NOT_REACHED,
2433012374,5224221952,08/06/2014 03:17:16,08/06/2014 03:17:26,08/06/2014 03:18:18,52,HANG_UP,22.36
2841972064,4181785126,04/06/2014 12:58:54,04/06/2014 12:58:58,04/06/2014 12:59:09,11,NETWORK_ERROR,4.73
3158496445,3331659481,02/06/2014 13:32:52,02/06/2014 13:32:57,02/06/2014 13:33:46,49,NETWORK_ERROR,21.07
2280496777,3772986841,07/06/2014 09:11:27,07/06/2014 09:11:37,07/06/2014 09:12:39,62,NETWORK_ERROR,26.66
3376883511,2793659388,06/06/2014 08:55:17,06/06/2014 08:55:27,06/06/2014 08:56:57,90,HANG_UP,38.7
3512219125,4360961116,03/06/2014 03:56:13,03/06/2014 03:56:16,03/06/2014 03:56:44,28,HANG_UP,12.04
5534401176,2233651995,01/06/2014 04:03:01,01/06/2014 04:03:09,01/06/2014 04:03:09,0,NOT_REACHED,
4438143601,2931966157,01/06/2014 18:34:07,01/06/2014 18:34:14,01/06/2014 18:34:14,0,BUSY,
4391515239,2763527121,07/06/2014 01:52:24,07/06/2014 01:52:36,07/06/2014 02:09:31,1015,HANG_UP,436.45
4661277417,3596617449,03/06/2014 20:19:17,03/06/2014 20:19:21,03/06/2014 20:19:29,8,NETWORK_ERROR,3.44
4656056968,2290980184,08/06/2014 08:43:18,08/06/2014 08:43:23,08/06/2014 08:43:50,27,HANG_UP,11.61
3886298487,5437419549,03/06/2014 07:45:46,03/06/2014 07:45:53,03/06/2014 07:45:53,0,BUSY,
2226994805,2325295715,03/06/2014 04:31:10,03/06/2014 04:31:14,03/06/2014 04:32:06,52,HANG_UP,22.36
3324987558,3696605707,05/06/2014 22:47:00,05/06/2014 22:47:04,05/06/2014 22:47:04,0,NOT_REACHED,
3536944454,5094550399,03/06/2014 09:19:52,03/06/2014 09:19:59,03/06/2014 09:27:32,453,HANG_UP,194.79
2614336463,2702542015,03/06/2014 17:00:45,03/06/2014 17:00:57,03/06/2014 17:03:50,173,HANG_UP,74.39
4229978162,4323503752,02/06/2014 06:39:07,02/06/2014 06:39:18,02/06/2014 06:44:14,296,HANG_UP,127.28
5036494835,3344883241,03/06/2014 08:15:23,03/06/2014 08:15:30,03/06/2014 08:15:30,0,BUSY,
2685901494,4943850951,08/06/2014 15:20:51,08/06/2014 15:21:03,08/06/2014 15:24:15,192,HANG_UP,82.56
2223476709,4068589076,03/06/2014 23:28:44,03/06/2014 23:28:49,03/06/2014 23:28:49,0,NOT_REACHED,
4622717106,2352940954,05/06/2014 11:39:27,05/06/2014 11:39:39,05/06/2014 11:39:39,0,NOT_REACHED,
2894112388,3471418602,08/06/2014 20:24:32,08/06/2014 20:24:42,08/06/2014 20:47:31,1369,HANG_UP,588.67
2941109135,4607263969,01/06/2014 10:21:00,01/06/2014 10:21:08,01/06/2014 10:21:08,0,BUSY,
5119250577,3147926149,04/06/2014 16:52:32,04/06/2014 16:52:38,04/06/2014 16:52:38,0,NOT_REACHED,
2820507120,3881125085,05/06/2014 15:02:21,05/06/2014 15:02:32,05/06/2014 15:06:21,229,HANG_UP,98.47
2944277750,4125529367,08/06/2014 05:31:07,08/06/2014 05:31:18,08/06/2014 05:32:32,74,HANG_UP,31.82
3035289160,2590752868,05/06/2014 14:04:25,05/06/2014 14:04:32,05/06/2014 14:06:10,98,HANG_UP,42.14
3420028351,4738267316,08/06/2014 12:12:30,08/06/2014 12:12:38,08/06/2014 12:12:38,0,BUSY,
4200364307,4453691936,04/06/2014 20:21:51,04/06/2014 20:21:55,04/06/2014 20:21:55,0,BUSY,
4930767644,2356272982,03/06/2014 20:15:03,03/06/2014 20:15:08,03/06/2014 20:15:08,0,BUSY,
2232607405,2759751645,01/06/2014 20:28:11,01/06/2014 20:28:22,01/06/2014 20:30:07,105,HANG_UP,45.15
2778166457,3811438914,04/06/2014 02:56:35,04/06/2014 02:56:38,04/06/2014 02:58:06,88,HANG_UP,37.84
2250029141,4001593235,06/06/2014 16:27:41,06/06/2014 16:27:47,06/06/2014 16:41:11,804,HANG_UP,345.72
4135851000,4072742916,03/06/2014 15:08:13,03/06/2014 15:08:15,03/06/2014 15:08:15,0,NOT_REACHED,
4212305334,2753068717,01/06/2014 13:21:23,01/06/2014 13:21:28,01/06/2014 13:21:28,0,BUSY,
3461969665,4719869515,06/06/2014 14:49:22,06/06/2014 14:49:30,06/06/2014 14:50:20,50,HANG_UP,21.5
4007828274,4216171985,07/06/2014 02:01:27,07/06/2014 02:01:37,07/06/2014 02:24:24,1367,HANG_UP,587.81
3365676998,3291169860,04/06/2014 09:40:55,04/06/2014 09:41:02,04/06/2014 09:41:02,0,BUSY,
2197555853,4382136988,03/06/2014 17:36:17,03/06/2014 17:36:19,03/06/2014 17:37:11,52,NETWORK_ERROR,22.36
4696114134,3387984025,08/06/2014 02:14:27,08/06/2014 02:14:38,08/06/2014 02:14:38,0,BUSY,
3657778629,3731855255,06/06/2014 18:14:30,06/06/2014 18:14:37,06/06/2014 18:37:57,1400,HANG_UP,602
5333908895,4547243208,06/06/2014 20:53:10,06/06/2014 20:53:21,06/06/2014 20:57:25,244,HANG_UP,104.92
3321449728,5202509041,03/06/2014 17:12:37,03/06/2014 17:12:42,03/06/2014 17:13:12,30,HANG_UP,12.9
3130989625,3017735951,01/06/2014 19:39:19,01/06/2014 19:39:28,01/06/2014 19:41:30,122,HANG_UP,52.46
3662513948,4809952756,06/06/2014 13:58:29,06/06/2014 13:58:34,06/06/2014 13:58:34,0,NOT_REACHED,
2776827277,4036719939,04/06/2014 23:39:39,04/06/2014 23:39:44,04/06/2014 23:40:14,30,HANG_UP,12.9
3336730672,3781246072,08/06/2014 23:06:01,08/06/2014 23:06:11,08/06/2014 23:06:35,24,HANG_UP,10.32
3624449434,2330080968,02/06/2014 14:26:34,02/06/2014 14:26:36,02/06/2014 14:26:36,0,NOT_REACHED,
4724503627,5146578029,06/06/2014 11:41:48,06/06/2014 11:41:58,06/06/2014 12:06:55,1497,HANG_UP,643.71
3196052765,5214323199,06/06/2014 23:35:04,06/06/2014 23:35:08,06/06/2014 23:36:48,100,HANG_UP,43
4049316465,4115994691,01/06/2014 18:49:05,01/06/2014 18:49:17,01/06/2014 18:50:21,64,HANG_UP,27.52
3053992676,4672684316,02/06/2014 07:39:17,02/06/2014 07:39:29,02/06/2014 07:39:34,5,HANG_UP,2.15
4649134740,2728460787,03/06/2014 14:30:50,03/06/2014 14:31:02,03/06/2014 14:53:47,1365,NETWORK_ERROR,586.95
2194044367,4790170914,04/06/2014 01:02:43,04/06/2014 01:02:51,04/06/2014 01:11:03,492,HANG_UP,211.56
3102772937,5228784621,04/06/2014 03:28:01,04/06/2014 03:28:09,04/06/2014 03:28:21,12,HANG_UP,5.16
4127704154,3302913904,04/06/2014 14:00:50,04/06/2014 14:01:00,04/06/2014 14:03:08,128,HANG_UP,55.04
4357940130,5066383853,02/06/2014 06:20:16,02/06/2014 06:20:26,02/06/2014 06:20:26,0,BUSY,
2455271489,3391526782,07/06/2014 18:34:09,07/06/2014 18:34:14,07/06/2014 18:40:31,377,HANG_UP,162.11
3049779993,4207740270,08/06/2014 10:46:28,08/06/2014 10:46:40,08/06/2014 10:47:48,68,HANG_UP,29.24
5382908460,2943213576,07/06/2014 13:58:19,07/06/2014 13:58:24,07/06/2014 13:58:34,10,NETWORK_ERROR,4.3
3092757935,3577067178,06/06/2014 10:58:24,06/06/2014 10:58:36,06/06/2014 10:58:36,0,NOT_REACHED,
4117483189,3330121326,01/06/2014 07:18:14,01/06/2014 07:18:23,01/06/2014 07:20:20,117,HANG_UP,50.31
3203557046,2423718875,03/06/2014 05:37:06,03/06/2014 05:37:08,03/06/2014 05:56:47,1179,HANG_UP,506.97
3542789888,5313896344,01/06/2014 19:11:00,01/06/2014 19:11:02,01/06/2014 19:31:35,1233,NETWORK_ERROR,530.19
4788509224,5581068905,06/06/2014 22:13:08,06/06/2014 22:13:15,06/06/2014 22:13:17,2,NETWORK_ERROR,0.86
4479873794,4585208858,02/06/2014 15:15:39,02/06/2014 15:15:45,02/06/2014 15:15:45,0,BUSY,
5466535261,5019939678,05/06/2014 13:02:16,05/06/2014 13:02:20,05/06/2014 13:02:20,0,NOT_REACHED,
4250383166,2565934381,04/06/2014 09:54:12,04/06/2014 09:54:19,04/06/2014 09:54:19,0,BUSY,
4650821096,3847831603,08/06/2014 02:25:35,08/06/2014 02:25:39,08/06/2014 02:31:09,330,HANG_UP,141.9
2210258533,2654650640,08/06/2014 06:30:51,08/06/2014 06:31:02,08/06/2014 06:32:00,58,HANG_UP,24.94
2225798775,3558608832,05/06/2014 17:02:12,05/06/2014 17:02:17,05/06/2014 17:02:42,25,HANG_UP,10.75
3185266263,4599527848,04/06/2014 12:40:31,04/06/2014 12:40:41,04/06/2014 12:41:23,42,HANG_UP,18.06
4371536474,3387514406,08/06/2014 22:51:54,08/06/2014 22:51:59,08/06/2014 22:51:59,0,BUSY,
2818820983,3603331902,08/06/2014 09:08:57,08/06/2014 09:09:02,08/06/2014 09:18:31,569,HANG_UP,244.67
4007199321,5364279950,06/06/2014 03:50:54,06/06/2014 03:51:02,06/06/2014 03:51:02,0,NOT_REACHED,
3145821230,5082234020,05/06/2014 06:06:08,05/06/2014 06:06:12,05/06/2014 06:08:31,139,HANG_UP,59.77
4392012645,2286416096,08/06/2014 07:37:09,08/06/2014 07:37:19,08/06/2014 07:39:29,130,HANG_UP,55.9
4775164156,2417630683,07/06/2014 23:38:02,07/06/2014 23:38:13,07/06/2014 23:39:21,68,HANG_UP,29.24
2406038916,2116298965,03/06/2014 10:46:58,03/06/2014 10:47:06,03/06/2014 10:47:06,0,NOT_REACHED,
4345355694,5071823224,04/06/2014 17:27:57,04/06/2014 17:28:08,04/06/2014 17:28:36,28,HANG_UP,12.04
5493340276,3780525092,04/06/2014 11:50:00,04/06/2014 11:50:09,04/06/2014 11:56:45,396,HANG_UP,170.28
3571311456,4587887403,06/06/2014 02:05:48,06/06/2014 02:05:54,06/06/2014 02:16:43,649,HANG_UP,279.07
3398941962,4569970749,08/06/2014 04:25:23,08/06/2014 04:25:33,08/06/2014 04:26:46,73,HANG_UP,31.39
3979026659,4266875689,07/06/2014 05:40:13,07/06/2014 05:40:19,07/06/2014 05:40:19,0,NOT_REACHED,
3450958368,4982184013,05/06/2014 00:25:21,05/06/2014 00:25:25,05/06/2014 00:25:43,18,HANG_UP,7.74
3944197586,3979436471,08/06/2014 07:14:30,08/06/2014 07:14:38,08/06/2014 07:19:45,307,HANG_UP,132.01
2420341936,4424546856,02/06/2014 07:16:37,02/06/2014 07:16:43,02/06/2014 07:18:36,113,NETWORK_ERROR,48.59
3301481577,3211154029,05/06/2014 19:14:59,05/06/2014 19:15:05,05/06/2014 19:15:10,5,HANG_UP,2.15
3784648709,3804975850,02/06/2014 20:49:30,02/06/2014 20:49:37,02/06/2014 20:51:17,100,HANG_UP,43
4357347283,2526424518,06/06/2014 02:53:28,06/06/2014 02:53:37,06/06/2014 02:53:37,0,NOT_REACHED,
4990879513,4210449015,07/06/2014 04:36:43,07/06/2014 04:36:55,07/06/2014 04:37:03,8,HANG_UP,3.44
2609270684,5362746457,06/06/2014 00:35:24,06/06/2014 00:35:35,06/06/2014 00:35:35,0,BUSY,
2804342475,3494614592,08/06/2014 18:09:03,08/06/2014 18:09:15,08/06/2014 18:11:01,106,HANG_UP,45.58
3445670616,5264073120,04/06/2014 12:28:13,04/06/2014 12:28:22,04/06/2014 12:36:24,482,HANG_UP,207.26
4097359799,2424612632,01/06/2014 08:32:23,01/06/2014 08:32:35,01/06/2014 08:57:19,1484,HANG_UP,638.12
3005012464,3807518994,05/06/2014 16:42:28,05/06/2014 16:42:36,05/06/2014 16:43:49,73,HANG_UP,31.39
4435097192,2568509564,03/06/2014 20:36:58,03/06/2014 20:37:02,03/06/2014 20:37:02,0,BUSY,
3800571345,4458651074,02/06/2014 21:50:06,02/06/2014 21:50:09,02/06/2014 21:50:54,45,HANG_UP,19.35
3745280432,3262902315,05/06/2014 21:25:19,05/06/2014 21:25:23,05/06/2014 21:27:19,116,HANG_UP,49.88
2687696458,4083444058,08/06/2014 15:00:16,08/06/2014 15:00:21,08/06/2014 15:01:24,63,HANG_UP,27.09
4907424236,4255195818,08/06/2014 20:22:43,08/06/2014 20:22:48,08/06/2014 20:42:12,1164,HANG_UP,500.52
5433428520,5247492537,06/06/2014 03:16:46,06/06/2014 03:16:50,06/06/2014 03:17:48,58,NETWORK_ERROR,24.94
5474115454,5498850015,03/06/2014 21:01:11,03/06/2014 21:01:22,03/06/2014 21:02:02,40,HANG_UP,17.2
5540514381,4902954777,01/06/2014 19:12:22,01/06/2014 19:12:25,01/06/2014 19:12:49,24,HANG_UP,10.32
5387533306,5259006806,02/06/2014 23:22:49,02/06/2014 23:23:00,02/06/2014 23:23:53,53,HANG_UP,22.79
2391510034,2338794583,01/06/2014 09:25:29,01/06/2014 09:25:35,01/06/2014 09:25:35,0,BUSY,
4081547075,2292443613,06/06/2014 21:46:55,06/06/2014 21:47:03,06/06/2014 21:47:03,0,NOT_REACHED,
2593493118,4858573648,05/06/2014 11:20:09,05/06/2014 11:20:17,05/06/2014 11:20:53,36,HANG_UP,15.48
2145890798,3608901526,05/06/2014 22:38:54,05/06/2014 22:38:59,05/06/2014 22:38:59,0,NOT_REACHED,
5184538778,3086940495,07/06/2014 02:06:17,07/06/2014 02:06:21,07/06/2014 02:10:58,277,HANG_UP,119.11
4788593834,2749976639,04/06/2014 21:18:36,04/06/2014 21:18:42,04/06/2014 21:41:47,1385,NETWORK_ERROR,595.55
4199953711,3423350985,08/06/2014 13:29:24,08/06/2014 13:29:36,08/06/2014 13:44:07,871,NETWORK_ERROR,374.53
2801636174,4487362512,03/06/2014 02:26:40,03/06/2014 02:26:44,03/06/2014 02:26:47,3,HANG_UP,1.29
4562710460,3764638211,04/06/2014 01:08:17,04/06/2014 01:08:26,04/06/2014 01:08:47,21,HANG_UP,9.03
5088150991,5546710646,08/06/2014 10:06:52,08/06/2014 10:06:54,08/06/2014 10:07:17,23,HANG_UP,9.89
4161773331,5453370930,08/06/2014 20:40:08,08/06/2014 20:40:11,08/06/2014 20:41:16,65,HANG_UP,27.95
4217537350,5563739614,06/06/2014 04:07:39,06/06/2014 04:07:44,06/06/2014 04:07:44,0,BUSY,
4224496247,2750546497,01/06/2014 19:08:06,01/06/2014 19:08:16,01/06/2014 19:08:16,0,BUSY,
5351441461,4945363175,02/06/2014 08:26:14,02/06/2014 08:26:24,02/06/2014 08:38:31,727,HANG_UP,312.61
4403868253,4615038444,07/06/2014 11:49:38,07/06/2014 11:49:46,07/06/2014 11:50:45,59,HANG_UP,25.37
3715347511,4021715921,07/06/2014 08:19:18,07/06/2014 08:19:21,07/06/2014 08:20:20,59,HANG_UP,25.37
5194422884,3826244173,02/06/2014 04:45:20,02/06/2014 04:45:32,02/06/2014 04:45:32,0,NOT_REACHED,
2313327340,4083102342,02/06/2014 01:37:58,02/06/2014 01:38:10,02/06/2014 01:39:29,79,HANG_UP,33.97
4061606300,3236860999,03/06/2014 13:43:53,03/06/2014 13:44:02,03/06/2014 13:46:00,118,NETWORK_ERROR,50.74
2133376415,2123339932,07/06/2014 14:11:18,07/06/2014 14:11:25,07/06/2014 14:11:25,0,BUSY,
4758333239,4816815442,03/06/2014 10:55:41,03/06/2014 10:55:46,03/06/2014 10:56:33,47,HANG_UP,20.21
4526204108,4510261475,01/06/2014 12:56:39,01/06/2014 12:56:48,01/06/2014 13:16:30,1182,HANG_UP,508.26
3693179044,4927105798,03/06/2014 11:29:43,03/06/2014 11:29:45,03/06/2014 11:45:21,936,HANG_UP,402.48
3037042576,2900007902,01/06/2014 11:03:38,01/06/2014 11:03:50,01/06/2014 11:04:02,12,HANG_UP,5.16
4953054778,2478678701,04/06/2014 14:37:59,04/06/2014 14:38:05,04/06/2014 14:38:05,0,BUSY,
3602870483,2614425578,03/06/2014 04:57:03,03/06/2014 04:57:05,03/06/2014 04:58:01,56,HANG_UP,24.08
3042193841,3636253277,05/06/2014 09:05:43,05/06/2014 09:05:51,05/06/2014 09:24:56,1145,HANG_UP,492.35
4409076920,4314031293,07/06/2014 09:18:09,07/06/2014 09:18:18,07/06/2014 09:39:16,1258,HANG_UP,540.94
2447892722,4139033719,02/06/2014 05:11:49,02/06/2014 05:11:55,02/06/2014 05:11:55,0,BUSY,
3311191158,3444535553,07/06/2014 12:15:05,07/06/2014 12:15:07,07/06/2014 12:15:07,0,NOT_REACHED,
2336836650,4373917891,01/06/2014 16:22:52,01/06/2014 16:23:03,01/06/2014 16:23:55,52,HANG_UP,22.36
2403036511,5374256719,03/06/2014 09:36:55,03/06/2014 09:37:03,03/06/2014 09:37:05,2,HANG_UP,0.86
3538326887,4857332223,04/06/2014 09:03:25,04/06/2014 09:03:30,04/06/2014 09:03:30,0,BUSY,
3522343087,2732840855,02/06/2014 06:35:51,02/06/2014 06:35:59,02/06/2014 06:37:28,89,HANG_UP,38.27
3363406339,4663129755,02/06/2014 18:23:10,02/06/2014 18:23:12,02/06/2014 18:23:12,0,BUSY,
2947378636,3554402357,07/06/2014 15:12:51,07/06/2014 15:13:03,07/06/2014 15:21:50,527,HANG_UP,226.61
3724914486,2517409143,07/06/2014 01:51:40,07/06/2014 01:51:49,07/06/2014 01:52:52,63,HANG_UP,27.09
5042466256,4021746747,03/06/2014 17:53:45,03/06/2014 17:53:54,03/06/2014 18:08:24,870,HANG_UP,374.1
4472928046,5292763119,08/06/2014 10:27:33,08/06/2014 10:27:44,08/06/2014 10:28:20,36,HANG_UP,15.48
5405655623,3126800639,08/06/2014 02:27:14,08/06/2014 02:27:20,08/06/2014 02:28:16,56,HANG_UP,24.08
2583245929,2857475790,02/06/2014 13:29:26,02/06/2014 13:29:33,02/06/2014 13:31:09,96,HANG_UP,41.28
4317322666,4628339321,06/06/2014 03:39:46,06/06/2014 03:39:51,06/06/2014 03:39:51,0,BUSY,
4928607944,4624571728,04/06/2014 22:25:36,04/06/2014 22:25:40,04/06/2014 22:25:40,0,BUSY,
2382362495,2136099386,02/06/2014 10:03:51,02/06/2014 10:03:56,02/06/2014 10:08:15,259,HANG_UP,111.37
5285417700,3997176963,03/06/2014 19:09:08,03/06/2014 19:09:20,03/06/2014 19:10:38,78,HANG_UP,33.54
5164638280,4406584049,08/06/2014 13:18:33,08/06/2014 13:18:35,08/06/2014 13:32:37,842,HANG_UP,362.06
4010994823,4458380376,08/06/2014 02:23:18,08/06/2014 02:23:22,08/06/2014 02:23:22,0,NOT_REACHED,
3709318712,2382316411,06/06/2014 14:31:52,06/06/2014 14:32:02,06/06/2014 14:32:22,20,HANG_UP,8.6
4083526328,4731100949,02/06/2014 05:00:34,02/06/2014 05:00:38,02/06/2014 05:00:38,0,NOT_REACHED,
3292870071,3663594922,01/06/2014 16:37:23,01/06/2014 16:37:25,01/06/2014 16:37:25,0,BUSY,
4859827521,5529390068,05/06/2014 15:37:04,05/06/2014 15:37:06,05/06/2014 15:38:47,101,HANG_UP,43.43
3959861657,4949992785,03/06/2014 14:00:00,03/06/2014 14:00:08,03/06/2014 14:00:23,15,HANG_UP,6.45
4725192428,5580909187,05/06/2014 17:54:22,05/06/2014 17:54:33,05/06/2014 18:11:58,1045,HANG_UP,449.35
4660992245,3771276732,02/06/2014 16:48:41,02/06/2014 16:48:53,02/06/2014 16:49:12,19,HANG_UP,8.17
5162127946,5136369737,03/06/2014 02:20:18,03/06/2014 02:20:20,03/06/2014 02:20:20,0,BUSY,
5103841087,2431154682,07/06/2014 03:30:43,07/06/2014 03:30:48,07/06/2014 03:32:08,80,HANG_UP,34.4
3210827935,2590778684,01/06/2014 20:42:03,01/06/2014 20:42:09,01/06/2014 20:42:09,0,BUSY,
3478535722,5526954046,07/06/2014 17:11:38,07/06/2014 17:11:40,07/06/2014 17:21:37,597,HANG_UP,256.71
2322519701,3031035868,07/06/2014 17:44:17,07/06/2014 17:44:21,07/06/2014 17:45:56,95,HANG_UP,40.85
3507095053,4065748578,03/06/2014 11:47:44,03/06/2014 11:47:49,03/06/2014 12:11:06,1397,HANG_UP,600.71
4240184767,3450683992,04/06/2014 04:59:23,04/06/2014 04:59:35,04/06/2014 04:59:35,0,NOT_REACHED,
4149795128,3467859543,03/06/2014 17:33:13,03/06/2014 17:33:24,03/06/2014 17:35:21,117,NETWORK_ERROR,50.31
3031715773,2932137986,07/06/2014 07:19:22,07/06/2014 07:19:31,07/06/2014 07:42:51,1400,HANG_UP,602
4222536602,2772243875,05/06/2014 16:31:57,05/06/2014 16:32:05,05/06/2014 16:32:54,49,HANG_UP,21.07
4946670863,3947351002,02/06/2014 22:26:42,02/06/2014 22:26:52,02/06/2014 22:37:50,658,HANG_UP,282.94
5411751646,3104746796,04/06/2014 09:30:13,04/06/2014 09:30:22,04/06/2014 09:30:22,0,NOT_REACHED,
2982107824,2592501059,07/06/2014 00:48:18,07/06/2014 00:48:25,07/06/2014 00:49:54,89,HANG_UP,38.27
5235253682,2756266963,08/06/2014 01:01:58,08/06/2014 01:02:01,08/06/2014 01:03:39,98,HANG_UP,42.14
4478025533,2613944865,08/06/2014 01:20:56,08/06/2014 01:20:58,08/06/2014 01:21:51,53,HANG_UP,22.79
2485241686,2653626701,03/06/2014 05:52:53,03/06/2014 05:52:55,03/06/2014 05:52:55,0,BUSY,
3590313684,3011270727,03/06/2014 10:39:44,03/06/2014 10:39:51,03/06/2014 10:40:29,38,HANG_UP,16.34
4771056613,3726118566,08/06/2014 19:54:40,08/06/2014 19:54:50,08/06/2014 20:00:30,340,NETWORK_ERROR,146.2
5501020765,4057795826,03/06/2014 06:21:59,03/06/2014 06:22:08,03/06/2014 06:23:15,67,HANG_UP,28.81
4098871420,2762454152,04/06/2014 11:50:03,04/06/2014 11:50:08,04/06/2014 11:51:08,60,HANG_UP,25.8
4333340844,2133625641,02/06/2014 01:16:31,02/06/2014 01:16:39,02/06/2014 01:30:07,808,HANG_UP,347.44
4926125351,4536490940,07/06/2014 01:21:31,07/06/2014 01:21:40,07/06/2014 01:21:40,0,NOT_REACHED,
5205245641,3751822864,01/06/2014 12:55:03,01/06/2014 12:55:10,01/06/2014 12:55:10,0,NOT_REACHED,
2799484561,4095347150,04/06/2014 18:27:03,04/06/2014 18:27:06,04/06/2014 18:27:38,32,HANG_UP,13.76
4366151780,5432836014,01/06/2014 00:02:50,01/06/2014 00:02:54,01/06/2014 00:02:54,0,BUSY,
2712401302,4791871506,03/06/2014 19:41:32,03/06/2014 19:41:44,03/06/2014 19:50:36,532,HANG_UP,228.76
3949363537,5398581130,04/06/2014 17:17:29,04/06/2014 17:17:38,04/06/2014 17:17:38,0,BUSY,
5133932742,2401101577,06/06/2014 11:25:18,06/06/2014 11:25:23,06/06/2014 11:25:23,0,BUSY,
3076117442,2482848564,03/06/2014 18:23:31,03/06/2014 18:23:35,03/06/2014 18:24:42,67,HANG_UP,28.81
2472015854,5286078252,04/06/2014 10:56:00,04/06/2014 10:56:08,04/06/2014 10:56:39,31,HANG_UP,13.33
3635705547,4480348757,06/06/2014 13:58:58,06/06/2014 13:59:02,06/06/2014 13:59:27,25,HANG_UP,10.75
3686285691,4689561435,02/06/2014 02:32:04,02/06/2014 02:32:06,02/06/2014 02:32:06,0,NOT_REACHED,
3313061750,4820017136,05/06/2014 12:59:00,05/06/2014 12:59:05,05/06/2014 13:22:03,1378,HANG_UP,592.54
3921578321,3367120475,05/06/2014 01:11:00,05/06/2014 01:11:05,05/06/2014 01:12:31,86,HANG_UP,36.98
3849175437,2419169912,06/06/2014 20:07:23,06/06/2014 20:07:29,06/06/2014 20:08:37,68,HANG_UP,29.24
4163069980,4337468723,01/06/2014 08:30:42,01/06/2014 08:30:54,01/06/2014 08:32:24,90,HANG_UP,38.7
4604884822,2992174141,05/06/2014 02:28:11,05/06/2014 02:28:21,05/06/2014 02:28:21,0,NOT_REACHED,
5339126228,2881236698,01/06/2014 22:40:19,01/06/2014 22:40:28,01/06/2014 22:41:12,44,HANG_UP,18.92
2990103164,5263554847,08/06/2014 02:35:49,08/06/2014 02:36:00,08/06/2014 02:57:08,1268,HANG_UP,545.24
3085880604,4285776432,07/06/2014 14:57:13,07/06/2014 14:57:15,07/06/2014 14:58:02,47,HANG_UP,20.21
5329019587,3247221653,03/06/2014 20:46:20,03/06/2014 20:46:32,03/06/2014 20:47:58,86,NETWORK_ERROR,36.98
2660539189,5205182364,05/06/2014 16:29:43,05/06/2014 16:29:53,05/06/2014 16:29:53,0,BUSY,
2973371578,4934369995,02/06/2014 13:25:54,02/06/2014 13:26:06,02/06/2014 13:45:30,1164,HANG_UP,500.52
3544946362,4742787737,01/06/2014 18:07:38,01/06/2014 18:07:40,01/06/2014 18:16:31,531,NETWORK_ERROR,228.33
2684260130,3100772201,03/06/2014 13:55:08,03/06/2014 13:55:20,03/06/2014 13:55:23,3,HANG_UP,1.29
5515967675,5265860395,01/06/2014 23:21:44,01/06/2014 23:21:52,01/06/2014 23:21:52,0,NOT_REACHED,
4841255021,3403695971,08/06/2014 04:45:24,08/06/2014 04:45:35,08/06/2014 04:47:47,132,HANG_UP,56.76
3909757799,4706055192,02/06/2014 05:45:01,02/06/2014 05:45:12,02/06/2014 05:45:40,28,HANG_UP,12.04
3849754609,3914724244,02/06/2014 08:40:15,02/06/2014 08:40:22,02/06/2014 09:04:48,1466,HANG_UP,630.38
5337747252,3356238973,06/06/2014 13:41:28,06/06/2014 13:41:33,06/06/2014 13:41:45,12,HANG_UP,5.16
3818741398,4046783664,01/06/2014 07:59:44,01/06/2014 07:59:55,01/06/2014 08:11:54,719,HANG_UP,309.17
2613078597,3531373334,08/06/2014 01:53:40,08/06/2014 01:53:46,08/06/2014 01:54:52,66,HANG_UP,28.38
5300729439,2515598260,05/06/2014 17:17:35,05/06/2014 17:17:42,05/06/2014 17:18:00,18,HANG_UP,7.74
4514582377,4821119747,08/06/2014 15:51:19,08/06/2014 15:51:25,08/06/2014 15:59:33,488,HANG_UP,209.84
2591514431,3046361096,02/06/2014 00:12:40,02/06/2014 00:12:44,02/06/2014 00:13:05,21,HANG_UP,9.03
2710277758,2499082744,07/06/2014 23:32:42,07/06/2014 23:32:47,07/06/2014 23:33:13,26,HANG_UP,11.18
4220488499,4257784981,06/06/2014 16:54:49,06/06/2014 16:55:01,06/06/2014 16:55:01,0,NOT_REACHED,
4659386165,2738826993,07/06/2014 22:11:58,07/06/2014 22:12:09,07/06/2014 22:12:09,0,NOT_REACHED,
5447488901,2349027132,08/06/2014 08:46:58,08/06/2014 08:47:03,08/06/2014 08:47:24,21,HANG_UP,9.03
5473678596,4474030184,05/06/2014 22:39:16,05/06/2014 22:39:23,05/06/2014 22:49:52,629,NETWORK_ERROR,270.47
4123847511,3662222167,06/06/2014 16:32:17,06/06/2014 16:32:25,06/06/2014 16:50:12,1067,HANG_UP,458.81
3523205480,4486193913,05/06/2014 09:56:03,05/06/2014 09:56:11,05/06/2014 10:16:53,1242,HANG_UP,534.06
4169219219,5503028989,05/06/2014 10:54:59,05/06/2014 10:55:01,05/06/2014 10:55:01,0,NOT_REACHED,
5557834950,3104973152,02/06/2014 21:13:49,02/06/2014 21:13:51,02/06/2014 21:34:07,1216,NETWORK_ERROR,522.88
2539426164,3685192823,02/06/2014 20:21:03,02/06/2014 20:21:08,02/06/2014 20:21:08,0,NOT_REACHED,
3124982564,3502842271,01/06/2014 12:43:54,01/06/2014 12:44:06,01/06/2014 12:56:40,754,HANG_UP,324.22
3253659856,2878897859,02/06/2014 14:33:32,02/06/2014 14:33:40,02/06/2014 14:36:06,146,HANG_UP,62.78
4795724782,2216195782,02/06/2014 17:38:25,02/06/2014 17:38:32,02/06/2014 17:39:43,71,HANG_UP,30.53
2519793826,4093470163,06/06/2014 17:55:09,06/06/2014 17:55:16,06/06/2014 17:55:16,0,BUSY,
4828161758,2321694126,07/06/2014 22:49:55,07/06/2014 22:50:07,07/06/2014 22:52:19,132,HANG_UP,56.76
5157295061,3203526540,03/06/2014 00:49:30,03/06/2014 00:49:34,03/06/2014 00:55:05,331,NETWORK_ERROR,142.33
2392829619,3175311969,07/06/2014 02:31:30,07/06/2014 02:31:42,07/06/2014 02:56:20,1478,HANG_UP,635.54
5433833949,2776789804,03/06/2014 18:39:57,03/06/2014 18:40:02,03/06/2014 18:40:02,0,NOT_REACHED,
4222469238,3700373712,07/06/2014 02:03:50,07/06/2014 02:03:54,07/06/2014 02:05:06,72,HANG_UP,30.96
3225214439,3843439344,02/06/2014 14:15:48,02/06/2014 14:15:54,02/06/2014 14:32:58,1024,HANG_UP,440.32
3314366773,4853438577,06/06/2014 20:12:33,06/06/2014 20:12:39,06/06/2014 20:34:40,1321,HANG_UP,568.03
2921262536,3710751261,04/06/2014 07:14:58,04/06/2014 07:15:09,04/06/2014 07:21:53,404,HANG_UP,173.72
2820929886,3585408218,06/06/2014 15:02:39,06/06/2014 15:02:51,06/06/2014 15:02:51,0,BUSY,
5283242095,2502312790,07/06/2014 08:58:39,07/06/2014 08:58:44,07/06/2014 09:16:29,1065,HANG_UP,457.95
5251174175,5045897162,02/06/2014 20:06:07,02/06/2014 20:06:12,02/06/2014 20:06:12,0,BUSY,
2170958933,4582443990,07/06/2014 11:10:37,07/06/2014 11:10:48,07/06/2014 11:12:23,95,HANG_UP,40.85
5438537024,3929272744,06/06/2014 07:55:37,06/06/2014 07:55:49,06/06/2014 07:55:49,0,BUSY,
2228954199,5299670995,06/06/2014 12:41:11,06/06/2014 12:41:17,06/06/2014 12:41:22,5,HANG_UP,2.15
5565890465,4894238908,02/06/2014 01:40:00,02/06/2014 01:40:08,02/06/2014 01:40:08,0,BUSY,
3761421766,4380988496,03/06/2014 19:52:00,03/06/2014 19:52:02,03/06/2014 19:52:02,0,BUSY,
4720860669,2583806515,02/06/2014 15:33:20,02/06/2014 15:33:28,02/06/2014 15:33:28,0,NOT_REACHED,
2938048220,2638701587,02/06/2014 16:13:58,02/06/2014 16:14:01,02/06/2014 16:16:42,161,HANG_UP,69.23
5540355412,5058284501,03/06/2014 08:14:31,03/06/2014 08:14:39,03/06/2014 08:14:39,0,NOT_REACHED,
4252951552,2565716435,07/06/2014 16:00:34,07/06/2014 16:00:37,07/06/2014 16:01:22,45,HANG_UP,19.35
3024652607,4704458609,01/06/2014 08:29:16,01/06/2014 08:29:22,01/06/2014 08:30:39,77,HANG_UP,33.11
4506043092,5386545173,06/06/2014 03:08:51,06/06/2014 03:08:53,06/06/2014 03:08:53,0,BUSY,
2980776854,4456493527,05/06/2014 04:09:11,05/06/2014 04:09:21,05/06/2014 04:10:25,64,HANG_UP,27.52
5597443390,3567390211,05/06/2014 04:45:01,05/06/2014 04:45:10,05/06/2014 04:45:44,34,HANG_UP,14.62
3469829324,2887240426,07/06/2014 18:37:57,07/06/2014 18:38:09,07/06/2014 18:38:09,0,BUSY,
4891459325,3459368762,08/06/2014 18:14:45,08/06/2014 18:14:52,08/06/2014 18:15:04,12,HANG_UP,5.16
2883565952,3579549793,03/06/2014 22:58:12,03/06/2014 22:58:17,03/06/2014 23:06:50,513,HANG_UP,220.59
5348781150,3824559618,01/06/2014 14:01:32,01/06/2014 14:01:39,01/06/2014 14:01:39,0,BUSY,
5413712934,3239405490,01/06/2014 00:32:12,01/06/2014 00:32:21,01/06/2014 00:32:21,0,BUSY,
2894584816,2397940492,01/06/2014 08:17:05,01/06/2014 08:17:15,01/06/2014 08:18:27,72,HANG_UP,30.96
5576914426,5250515588,03/06/2014 11:57:06,03/06/2014 11:57:08,03/06/2014 11:57:36,28,HANG_UP,12.04
3111057101,2191560595,04/06/2014 13:18:03,04/06/2014 13:18:11,04/06/2014 13:18:11,0,BUSY,
4015326442,3045341977,07/06/2014 14:53:50,07/06/2014 14:53:59,07/06/2014 14:53:59,0,BUSY,
5028014120,5176011007,08/06/2014 07:50:29,08/06/2014 07:50:31,08/06/2014 07:51:16,45,HANG_UP,19.35
3278861923,4931050659,07/06/2014 21:34:17,07/06/2014 21:34:20,07/06/2014 21:34:29,9,HANG_UP,3.87
3823739185,4973007411,02/06/2014 11:38:25,02/06/2014 11:38:32,02/06/2014 11:38:32,0,BUSY,
3567669003,5598482890,06/06/2014 10:50:37,06/06/2014 10:50:48,06/06/2014 10:51:03,15,NETWORK_ERROR,6.45
4095612034,5093809889,05/06/2014 09:20:37,05/06/2014 09:20:47,05/06/2014 09:20:47,0,BUSY,
3361005073,2868945525,06/06/2014 15:51:40,06/06/2014 15:51:49,06/06/2014 15:51:49,0,BUSY,
2984655202,2329633984,06/06/2014 22:48:29,06/06/2014 22:48:34,06/06/2014 23:05:46,1032,NETWORK_ERROR,443.76
3305097158,5376826391,01/06/2014 04:20:38,01/06/2014 04:20:43,01/06/2014 04:21:44,61,HANG_UP,26.23
3980330566,3570924186,02/06/2014 05:17:34,02/06/2014 05:17:43,02/06/2014 05:17:43,0,NOT_REACHED,
3970927956,2795987015,05/06/2014 03:23:39,05/06/2014 03:23:44,05/06/2014 03:23:44,0,BUSY,
2699184505,2866599391,08/06/2014 16:10:59,08/06/2014 16:11:06,08/06/2014 16:12:43,97,HANG_UP,41.71
5294072283,5472335593,02/06/2014 15:43:59,02/06/2014 15:44:03,02/06/2014 15:44:29,26,HANG_UP,11.18
4772662241,2666991339,01/06/2014 02:30:05,01/06/2014 02:30:15,01/06/2014 02:30:23,8,HANG_UP,3.44
2822556974,3522703821,07/06/2014 03:21:06,07/06/2014 03:21:11,07/06/2014 03:38:49,1058,HANG_UP,454.94
2772545220,3782040578,08/06/2014 17:03:14,08/06/2014 17:03:22,08/06/2014 17:04:31,69,HANG_UP,29.67
3904320254,3737637072,01/06/2014 14:01:06,01/06/2014 14:01:08,01/06/2014 14:01:08,0,BUSY,
5485949843,5053288998,08/06/2014 08:25:17,08/06/2014 08:25:21,08/06/2014 08:36:19,658,HANG_UP,282.94
4899466525,2721679008,04/06/2014 20:57:56,04/06/2014 20:58:08,04/06/2014 20:58:08,0,BUSY,
2444332135,4762756263,02/06/2014 23:04:08,02/06/2014 23:04:11,02/06/2014 23:07:33,202,HANG_UP,86.86
5047529649,2780365280,08/06/2014 12:28:26,08/06/2014 12:28:33,08/06/2014 12:29:16,43,HANG_UP,18.49
3804700386,2922591327,02/06/2014 04:57:17,02/06/2014 04:57:25,02/06/2014 04:57:25,0,NOT_REACHED,
4749496889,5457558812,06/06/2014 06:05:56,06/06/2014 06:06:05,06/06/2014 06:06:11,6,NETWORK_ERROR,2.58
3907847468,3751504161,02/06/2014 18:47:55,02/06/2014 18:48:05,02/06/2014 18:48:05,0,BUSY,
4976483960,5123672976,06/06/2014 02:20:19,06/06/2014 02:20:22,06/06/2014 02:20:22,0,BUSY,
2118826270,4397377198,06/06/2014 20:16:51,06/06/2014 20:16:59,06/06/2014 20:40:11,1392,HANG_UP,598.56
3306828993,5422492369,02/06/2014 03:13:38,02/06/2014 03:13:42,02/06/2014 03:32:52,1150,HANG_UP,494.5
3087181111,3532321272,06/06/2014 03:19:35,06/06/2014 03:19:45,06/06/2014 03:19:45,0,BUSY,
4335593076,4866901130,07/06/2014 04:00:55,07/06/2014 04:01:01,07/06/2014 04:22:11,1270,HANG_UP,546.1
5304416107,5562645702,01/06/2014 15:25:47,01/06/2014 15:25:50,01/06/2014 15:27:35,105,HANG_UP,45.15
4502898678,5593063993,05/06/2014 21:44:14,05/06/2014 21:44:16,05/06/2014 21:45:05,49,HANG_UP,21.07
3781386990,2730112092,04/06/2014 05:53:02,04/06/2014 05:53:06,04/06/2014 05:54:56,110,HANG_UP,47.3
2918053331,4539983368,07/06/2014 10:02:33,07/06/2014 10:02:37,07/06/2014 10:02:37,0,BUSY,
3579019220,5333424741,05/06/2014 23:46:45,05/06/2014 23:46:54,05/06/2014 23:46:54,0,NOT_REACHED,
3129072566,2152134152,02/06/2014 07:12:18,02/06/2014 07:12:30,02/06/2014 07:21:07,517,HANG_UP,222.31
4008319479,4681892540,04/06/2014 00:10:53,04/06/2014 00:11:04,04/06/2014 00:32:13,1269,HANG_UP,545.67
4194598772,3402465657,03/06/2014 14:57:39,03/06/2014 14:57:43,03/06/2014 14:57:43,0,BUSY,
3394098059,2697210173,05/06/2014 01:16:47,05/06/2014 01:16:59,05/06/2014 01:16:59,0,NOT_REACHED,
2517803652,4117071648,05/06/2014 19:28:07,05/06/2014 19:28:11,05/06/2014 19:28:11,0,NOT_REACHED,
5561225820,4732875057,08/06/2014 14:07:20,08/06/2014 14:07:29,08/06/2014 14:08:03,34,NETWORK_ERROR,14.62
4341233413,5039034107,04/06/2014 20:47:10,04/06/2014 20:47:20,04/06/2014 20:49:03,103,HANG_UP,44.29
3869900430,3787592751,01/06/2014 02:58:29,01/06/2014 02:58:34,01/06/2014 03:22:23,1429,HANG_UP,614.47
2507684643,5024701095,07/06/2014 02:28:00,07/06/2014 02:28:12,07/06/2014 02:29:39,87,HANG_UP,37.41
3455726591,4242284613,02/06/2014 10:06:02,02/06/2014 10:06:06,02/06/2014 10:06:49,43,HANG_UP,18.49
3025543222,2509147255,06/06/2014 07:44:38,06/06/2014 07:44:50,06/06/2014 07:45:36,46,HANG_UP,19.78
2251844625,3707554181,01/06/2014 21:36:14,01/06/2014 21:36:20,01/06/2014 21:38:38,138,HANG_UP,59.34
2501819929,4919798629,04/06/2014 01:43:52,04/06/2014 01:44:03,04/06/2014 01:44:34,31,HANG_UP,13.33
2430491171,4837506439,08/06/2014 20:33:10,08/06/2014 20:33:22,08/06/2014 20:34:22,60,HANG_UP,25.8
4036981514,3603682807,04/06/2014 17:17:02,04/06/2014 17:17:09,04/06/2014 17:18:34,85,HANG_UP,36.55
5047797405,3259754073,05/06/2014 01:03:35,05/06/2014 01:03:41,05/06/2014 01:17:09,808,HANG_UP,347.44
4571469574,4886109472,02/06/2014 23:37:43,02/06/2014 23:37:47,02/06/2014 23:39:23,96,HANG_UP,41.28
4484153649,2885896490,01/06/2014 06:27:27,01/06/2014 06:27:36,01/06/2014 06:29:10,94,HANG_UP,40.42
3834035509,2157073048,06/06/2014 17:05:00,06/06/2014 17:05:02,06/06/2014 17:05:42,40,HANG_UP,17.2
5358640347,4522971662,01/06/2014 11:33:57,01/06/2014 11:33:59,01/06/2014 11:35:39,100,HANG_UP,43
5235392591,2377878236,07/06/2014 09:52:24,07/06/2014 09:52:32,07/06/2014 09:53:38,66,HANG_UP,28.38
4349025047,4420380309,04/06/2014 21:03:18,04/06/2014 21:03:23,04/06/2014 21:04:45,82,HANG_UP,35.26
3473683693,4082488215,03/06/2014 01:02:21,03/06/2014 01:02:28,03/06/2014 01:03:17,49,HANG_UP,21.07
4952826749,4496782978,01/06/2014 11:54:01,01/06/2014 11:54:12,01/06/2014 12:07:40,808,NETWORK_ERROR,347.44
2464265762,5376095483,07/06/2014 13:26:27,07/06/2014 13:26:35,07/06/2014 13:43:49,1034,HANG_UP,444.62
4131945538,4590469807,01/06/2014 19:55:54,01/06/2014 19:56:06,01/06/2014 20:20:18,1452,HANG_UP,624.36
2536311002,5296415470,01/06/2014 16:51:10,01/06/2014 16:51:19,01/06/2014 17:14:57,1418,HANG_UP,609.74
4920359406,2900702515,04/06/2014 22:28:44,04/06/2014 22:28:55,04/06/2014 22:29:19,24,HANG_UP,10.32
3997723697,3771202413,04/06/2014 13:09:19,04/06/2014 13:09:27,04/06/2014 13:11:54,147,HANG_UP,63.21
4404387156,2875529807,01/06/2014 13:06:21,01/06/2014 13:06:32,01/06/2014 13:07:49,77,HANG_UP,33.11
4389874220,5405488328,07/06/2014 07:37:02,07/06/2014 07:37:10,07/06/2014 07:37:10,0,BUSY,
4145793975,4333040458,05/06/2014 14:12:42,05/06/2014 14:12:51,05/06/2014 14:14:40,109,HANG_UP,46.87
2743906764,4322440185,06/06/2014 20:47:07,06/06/2014 20:47:19,06/06/2014 20:56:50,571,HANG_UP,245.53
4513639030,4095694875,08/06/2014 07:05:51,08/06/2014 07:05:56,08/06/2014 07:22:26,990,HANG_UP,425.7
4995166640,4690766321,07/06/2014 19:03:22,07/06/2014 19:03:32,07/06/2014 19:03:32,0,BUSY,
3626945698,2723679345,01/06/2014 08:55:39,01/06/2014 08:55:41,01/06/2014 08:58:10,149,HANG_UP,64.07
4924104597,3970097499,07/06/2014 21:27:20,07/06/2014 21:27:22,07/06/2014 21:28:02,40,HANG_UP,17.2
2127323832,4755207001,03/06/2014 19:56:15,03/06/2014 19:56:18,03/06/2014 19:56:18,0,BUSY,
2270496340,3184936831,02/06/2014 01:02:09,02/06/2014 01:02:17,02/06/2014 01:02:21,4,HANG_UP,1.72
3105846327,2555726155,07/06/2014 14:56:46,07/06/2014 14:56:52,07/06/2014 14:56:52,0,NOT_REACHED,
3414829600,5552304002,07/06/2014 07:14:28,07/06/2014 07:14:35,07/06/2014 07:26:04,689,NETWORK_ERROR,296.27